ID,NAME,CREATED,CREATED (MS),LAST IMPORT,UPDATED,UPDATED (MS),TAGS
550b3ab85241494278ba0000,Intermountain Healthcare,Thu Mar 19 2015 17:08:08 GMT-0400 (Eastern Daylight Time),1426799288740,Mon Apr 25 2022 10:17:47 GMT-0400 (Eastern Daylight Time),Mon Apr 25 2022 09:50:59 GMT-0400 (Eastern Daylight Time),1650894659451,"hl7,orchid,voice"
52fe61815241497341ee0000,Decatur Morgan Hospital,Fri Feb 14 2014 13:33:37 GMT-0500 (Eastern Standard Time),1392402817706,Mon Apr 25 2022 15:42:18 GMT-0400 (Eastern Daylight Time),Wed Apr 20 2022 21:41:15 GMT-0400 (Eastern Daylight Time),1650505275221,"sftp,voice"
559d65e55241490d74ca0100,Mercy Health,Wed Jul 08 2015 14:03:17 GMT-0400 (Eastern Daylight Time),1436378597060,Mon Apr 25 2022 11:55:43 GMT-0400 (Eastern Daylight Time),Wed Apr 20 2022 22:03:03 GMT-0400 (Eastern Daylight Time),1650506583903,"implementation,sftp,voice"
5aa81efd74410fa8504e9aea,Geisinger Health System,Tue Mar 13 2018 14:57:01 GMT-0400 (Eastern Daylight Time),1520967421447,Mon Apr 25 2022 01:19:12 GMT-0400 (Eastern Daylight Time),Wed Apr 20 2022 22:02:05 GMT-0400 (Eastern Daylight Time),1650506525524,"hl7,implementation,orchid,sftp,sso"
5b71f329ff16722f5cb4edb2,Sutter Independent Physicians,Mon Aug 13 2018 17:07:53 GMT-0400 (Eastern Daylight Time),1534194473699,Fri Apr 22 2022 10:59:20 GMT-0400 (Eastern Daylight Time),Wed Apr 20 2022 22:02:52 GMT-0400 (Eastern Daylight Time),1650506572626,"ambulatory,kiosk"
5628fda05241492dafde0600,Maryland Community Health System,Thu Oct 22 2015 11:15:44 GMT-0400 (Eastern Daylight Time),1445526944556,Mon Apr 25 2022 08:06:23 GMT-0400 (Eastern Daylight Time),Thu Apr 21 2022 06:32:30 GMT-0400 (Eastern Daylight Time),1650537150270,"fqhc,sftp,voice"
53d915aa61706f4842020000,United Regional Hospital,Wed Jul 30 2014 11:56:26 GMT-0400 (Eastern Daylight Time),1406735786946,Mon Apr 25 2022 13:14:41 GMT-0400 (Eastern Daylight Time),Wed Apr 20 2022 21:43:04 GMT-0400 (Eastern Daylight Time),1650505384379,"orchid,voice"
520b9fed677aff2618000073,UCSF Medical Center,Wed Aug 14 2013 11:19:09 GMT-0400 (Eastern Daylight Time),1376493549476,Mon Apr 25 2022 15:49:55 GMT-0400 (Eastern Daylight Time),Thu Apr 21 2022 13:55:30 GMT-0400 (Eastern Daylight Time),1650563730871,"kiosk,orchid,preventive,sso,view,voice"
572711b64004120d850001bc,NYC Health and Hospitals Corporation,Mon May 02 2016 04:37:10 GMT-0400 (Eastern Daylight Time),1462178230122,Mon Jun 07 2021 21:19:03 GMT-0400 (Eastern Daylight Time),Wed Apr 20 2022 22:02:03 GMT-0400 (Eastern Daylight Time),1650506523051,"dsrip,pam,voice"
5730ee00acc0db0fee00012f,Northwell Health,Mon May 09 2016 16:07:28 GMT-0400 (Eastern Daylight Time),1462824448085,Mon Apr 25 2022 08:20:10 GMT-0400 (Eastern Daylight Time),Mon Apr 25 2022 11:04:37 GMT-0400 (Eastern Daylight Time),1650899077961,"hl7,orchid,sso"
58f6cd49d27cbe42a2fed86f,University of Cincinnati Medical Center,Tue Apr 18 2017 22:36:57 GMT-0400 (Eastern Daylight Time),1492569417822,Fri Apr 22 2022 10:06:23 GMT-0400 (Eastern Daylight Time),Wed Apr 20 2022 22:04:24 GMT-0400 (Eastern Daylight Time),1650506664282,"hl7,orchid,sso"
5af48014ff167217fbe09c60,Reid Health,Thu May 10 2018 13:23:32 GMT-0400 (Eastern Daylight Time),1525973012640,Mon Apr 25 2022 09:02:24 GMT-0400 (Eastern Daylight Time),Wed Apr 20 2022 22:01:44 GMT-0400 (Eastern Daylight Time),1650506504968,"hl7,orchid"
56253f1361706f73e36c0700,Interfaith Medical Center,Mon Oct 19 2015 15:05:55 GMT-0400 (Eastern Daylight Time),1445281555721,Tue Feb 15 2022 16:50:33 GMT-0500 (Eastern Standard Time),Wed Apr 20 2022 21:26:15 GMT-0400 (Eastern Daylight Time),1650504375514,orchid
56549db752414960e31e0200,Carle Foundation,Tue Nov 24 2015 12:26:15 GMT-0500 (Eastern Standard Time),1448385975212,Mon Apr 04 2022 05:32:03 GMT-0400 (Eastern Daylight Time),Tue Apr 12 2022 11:08:40 GMT-0400 (Eastern Daylight Time),1649776120936,"hl7,orchid"
5175a6c21b85b034fb000073,Franciscan Health System,Mon Apr 22 2013 17:08:18 GMT-0400 (Eastern Daylight Time),1366664898826,Wed Mar 31 2021 19:58:54 GMT-0400 (Eastern Daylight Time),Wed Apr 20 2022 22:01:16 GMT-0400 (Eastern Daylight Time),1650506476750,"hl7,orchid,voice"
558bfd3b5241490e05410800,Kaleida Health,Thu Jun 25 2015 09:08:11 GMT-0400 (Eastern Daylight Time),1435237691278,,Mon Mar 28 2022 08:27:40 GMT-0400 (Eastern Daylight Time),1648470460273,"echo,hl7,orchid,sso,view,voice"
556f4e7f52414947ffb50000,Alecto Healthcare,Wed Jun 03 2015 14:59:11 GMT-0400 (Eastern Daylight Time),1433357951112,Mon Apr 25 2022 12:38:51 GMT-0400 (Eastern Daylight Time),Wed Apr 20 2022 22:03:37 GMT-0400 (Eastern Daylight Time),1650506617332,"hl7,orchid,sftp,voice"
5175aa971b85b034fb00007c,St. Joseph's Hospital and Health Center,Mon Apr 22 2013 17:24:39 GMT-0400 (Eastern Daylight Time),1366665879444,Mon Apr 25 2022 08:07:04 GMT-0400 (Eastern Daylight Time),Thu Apr 21 2022 08:03:44 GMT-0400 (Eastern Daylight Time),1650542624913,voice
53dfa9af5241492480080000,UCSD Medical Center,Mon Aug 04 2014 11:41:35 GMT-0400 (Eastern Daylight Time),1407166895214,Mon Apr 25 2022 11:37:49 GMT-0400 (Eastern Daylight Time),Thu Apr 21 2022 19:33:11 GMT-0400 (Eastern Daylight Time),1650583991308,"preventive,voice"
517801601b85b02a1e000003,Charleston Area Medical Center,Wed Apr 24 2013 11:59:28 GMT-0400 (Eastern Daylight Time),1366819168539,Mon Apr 25 2022 09:01:39 GMT-0400 (Eastern Daylight Time),Wed Apr 20 2022 22:01:57 GMT-0400 (Eastern Daylight Time),1650506517086,voice
57b3270c677aff0b90d10dab,Rome Memorial Hospital,Tue Aug 16 2016 10:45:32 GMT-0400 (Eastern Daylight Time),1471358732464,Mon Apr 25 2022 08:07:06 GMT-0400 (Eastern Daylight Time),Thu Apr 21 2022 08:03:49 GMT-0400 (Eastern Daylight Time),1650542629199,voice
59893d6974410f2220d54d06,Eskenazi Health,Tue Aug 08 2017 00:26:17 GMT-0400 (Eastern Daylight Time),1502166377863,Mon Apr 25 2022 06:06:04 GMT-0400 (Eastern Daylight Time),Wed Apr 20 2022 22:01:45 GMT-0400 (Eastern Daylight Time),1650506505661,"appointment reminders,hl7,siu,voice"
5b60819ad27cbe9e835cc139,Southcoast Health,Tue Jul 31 2018 11:34:50 GMT-0400 (Eastern Daylight Time),1533051290383,,Wed Apr 20 2022 22:03:33 GMT-0400 (Eastern Daylight Time),1650506613818,"hl7,implementation,orchid,sso"
58bec27a9c055208405da427,Inova Health System,Tue Mar 07 2017 09:23:54 GMT-0500 (Eastern Standard Time),1488896634310,Mon Apr 25 2022 11:58:55 GMT-0400 (Eastern Daylight Time),Wed Apr 20 2022 22:04:28 GMT-0400 (Eastern Daylight Time),1650506668011,"hl7,orchid,voice"
591b3c8dd27cbe3b8712b576,Peninsula Regional Medical Center,Tue May 16 2017 13:53:17 GMT-0400 (Eastern Daylight Time),1494957197234,Tue Jan 08 2019 10:19:08 GMT-0500 (Eastern Standard Time),Mon Mar 28 2022 08:29:02 GMT-0400 (Eastern Daylight Time),1648470542467,"hl7,orchid"
59555bcdd27cbeae95530829,Johns Hopkins Health System,Thu Jun 29 2017 15:58:05 GMT-0400 (Eastern Daylight Time),1498766285158,Wed Apr 20 2022 05:46:21 GMT-0400 (Eastern Daylight Time),Thu Apr 21 2022 14:59:25 GMT-0400 (Eastern Daylight Time),1650567565116,"hl7,orchid,sso"
59bc2849ff167259af2f1c8c,Staten Island PPS,Fri Sep 15 2017 15:21:46 GMT-0400 (Eastern Daylight Time),1505503306015,Fri Jun 07 2019 14:43:28 GMT-0400 (Eastern Daylight Time),Wed Apr 20 2022 22:02:53 GMT-0400 (Eastern Daylight Time),1650506573792,"dsrip,pam,voice"
5adfa033ff167296f95e72e7,Medical West,Tue Apr 24 2018 17:22:59 GMT-0400 (Eastern Daylight Time),1524604979391,Tue Mar 08 2022 16:01:39 GMT-0500 (Eastern Standard Time),Mon Mar 28 2022 08:29:04 GMT-0400 (Eastern Daylight Time),1648470544941,"hl7,orchid"
5b4f50dcff16722008feef6e,Westchester Medical Center,Wed Jul 18 2018 10:38:20 GMT-0400 (Eastern Daylight Time),1531924700703,Mon Apr 25 2022 07:53:31 GMT-0400 (Eastern Daylight Time),Thu Apr 21 2022 00:21:34 GMT-0400 (Eastern Daylight Time),1650514894831,"implementation,sftp,voice"
51c9ccbb677aff4218000528,Sentara Healthcare,Tue Jun 25 2013 13:00:43 GMT-0400 (Eastern Daylight Time),1372179643959,Sun Apr 24 2022 12:08:20 GMT-0400 (Eastern Daylight Time),Wed Apr 20 2022 22:01:14 GMT-0400 (Eastern Daylight Time),1650506474135,"orchid,sftp,voice"
51c0c559677affbffc001ed2,Providence Health & Services,Tue Jun 18 2013 16:38:49 GMT-0400 (Eastern Daylight Time),1371587929840,Mon Apr 25 2022 12:16:55 GMT-0400 (Eastern Daylight Time),Mon Apr 25 2022 00:58:03 GMT-0400 (Eastern Daylight Time),1650862683503,"hl7,orchid,sso,voice"
55faceb85241492088930800,Norton Healthcare,Thu Sep 17 2015 10:31:20 GMT-0400 (Eastern Daylight Time),1442500280066,Mon Apr 25 2022 07:35:45 GMT-0400 (Eastern Daylight Time),Wed Apr 20 2022 22:01:22 GMT-0400 (Eastern Daylight Time),1650506482589,"hl7,orchid,voice"
57e198204004123a2d758980,Mon General Hospital ,Tue Sep 20 2016 16:12:16 GMT-0400 (Eastern Daylight Time),1474402336481,Mon Oct 17 2016 15:22:25 GMT-0400 (Eastern Daylight Time),Mon Mar 28 2022 08:29:15 GMT-0400 (Eastern Daylight Time),1648470555238,orchid
57e2b9f7677aff4c4bdec324,King Faisal Specialist Hospital and Research Centre,Wed Sep 21 2016 12:48:55 GMT-0400 (Eastern Daylight Time),1474476535612,,Mon Mar 28 2022 08:29:15 GMT-0400 (Eastern Daylight Time),1648470555681,"international,pilot"
583ec08a8e82a8782c2f0fd2,Northwest Michigan Surgery Center,Wed Nov 30 2016 07:05:30 GMT-0500 (Eastern Standard Time),1480507530292,Mon Apr 25 2022 09:10:16 GMT-0400 (Eastern Daylight Time),Thu Apr 21 2022 09:35:12 GMT-0400 (Eastern Daylight Time),1650548112070,"asc,sftp,voice"
58dd445b9c055263862ee74b,University of Illinois,Thu Mar 30 2017 13:46:03 GMT-0400 (Eastern Daylight Time),1490895963873,Fri Mar 11 2022 17:19:34 GMT-0500 (Eastern Standard Time),Wed Apr 20 2022 22:04:23 GMT-0400 (Eastern Daylight Time),1650506663003,"hl7,orchid,voice"
596f34d4d27cbe6ac13c93e2,Covenant Health,Wed Jul 19 2017 06:30:44 GMT-0400 (Eastern Daylight Time),1500460244366,Mon Apr 25 2022 12:08:56 GMT-0400 (Eastern Daylight Time),Wed Apr 20 2022 22:01:58 GMT-0400 (Eastern Daylight Time),1650506518532,"view,voice"
59d82188d27cbe7678087bbe,Tri-City Medical Center,Fri Oct 06 2017 20:36:24 GMT-0400 (Eastern Daylight Time),1507336584286,Thu Nov 09 2017 20:06:51 GMT-0500 (Eastern Standard Time),Mon Mar 28 2022 08:29:19 GMT-0400 (Eastern Daylight Time),1648470559672,"hl7,orchid"
5a3973a7ff167292f70caf2c,Alacare Home Health,Tue Dec 19 2017 15:16:39 GMT-0500 (Eastern Standard Time),1513714599858,Mon Oct 07 2019 10:10:11 GMT-0400 (Eastern Daylight Time),Mon Mar 28 2022 08:29:21 GMT-0400 (Eastern Daylight Time),1648470561521,"hha,pilot,sftp,voice"
546e65f952414901d8b20200,UnityPoint Health,Thu Nov 20 2014 17:06:48 GMT-0500 (Eastern Standard Time),1416521208913,Mon Apr 18 2022 10:00:15 GMT-0400 (Eastern Daylight Time),Wed Apr 20 2022 22:07:01 GMT-0400 (Eastern Daylight Time),1650506821621,orchid
557f57815241496e57820200,Rush University Medical Center,Mon Jun 15 2015 18:53:53 GMT-0400 (Eastern Daylight Time),1434408833214,Mon Apr 25 2022 08:06:54 GMT-0400 (Eastern Daylight Time),Wed Apr 20 2022 22:01:14 GMT-0400 (Eastern Daylight Time),1650506474671,"hl7,orchid"
516e91ab26a97a325d000001,Bronx Lebanon Hospital Center,Wed Apr 17 2013 08:12:27 GMT-0400 (Eastern Daylight Time),1366200747591,Wed Jul 28 2021 12:19:50 GMT-0400 (Eastern Daylight Time),Wed Apr 20 2022 22:02:33 GMT-0400 (Eastern Daylight Time),1650506553374,"hl7,orchid,voice"
57a48b46677aff47c8c8c34e,Cedar Community,Fri Aug 05 2016 08:49:10 GMT-0400 (Eastern Daylight Time),1470401350697,Mon Apr 25 2022 10:06:50 GMT-0400 (Eastern Daylight Time),Thu Apr 21 2022 10:03:16 GMT-0400 (Eastern Daylight Time),1650549796749,"snf,voice"
58f5155874410f7afcd151ea,Selin CP Name,Mon Apr 17 2017 15:19:52 GMT-0400 (Eastern Daylight Time),1492456792349,Wed Sep 08 2021 15:51:54 GMT-0400 (Eastern Daylight Time),Wed Mar 30 2022 12:58:04 GMT-0400 (Eastern Daylight Time),1648659484584,
59c091e3d27cbe326af69d68,CHI Health,Mon Sep 18 2017 23:41:23 GMT-0400 (Eastern Daylight Time),1505792483410,Thu May 06 2021 08:22:16 GMT-0400 (Eastern Daylight Time),Wed Apr 20 2022 22:03:34 GMT-0400 (Eastern Daylight Time),1650506614427,"hl7,orchid,sso,voice"
5a944e9fd27cbe7a4c7adc33,Schneck Medical Center,Mon Feb 26 2018 13:14:55 GMT-0500 (Eastern Standard Time),1519668895769,Thu Mar 03 2022 11:57:03 GMT-0500 (Eastern Standard Time),Wed Apr 20 2022 22:04:30 GMT-0400 (Eastern Daylight Time),1650506670693,"appointment reminders,hl7,voice"
5175aa7e1b85b034fb00007a,Saint Francis Health- Tulsa,Mon Apr 22 2013 17:24:14 GMT-0400 (Eastern Daylight Time),1366665854842,Mon Apr 25 2022 09:05:49 GMT-0400 (Eastern Daylight Time),Thu Apr 21 2022 08:17:22 GMT-0400 (Eastern Daylight Time),1650543442509,voice
5785446a677aff398bd74cf6,University of Alabama Birmingham,Tue Jul 12 2016 15:26:34 GMT-0400 (Eastern Daylight Time),1468351594056,Mon Apr 25 2022 04:05:41 GMT-0400 (Eastern Daylight Time),Thu Apr 21 2022 11:37:25 GMT-0400 (Eastern Daylight Time),1650555445143,"echo,hl7,orchid,sso"
58cfe3a074410f2d1ecca7a9,University of Virginia Health,Mon Mar 20 2017 10:13:52 GMT-0400 (Eastern Daylight Time),1490019232468,Mon Apr 25 2022 08:07:34 GMT-0400 (Eastern Daylight Time),Wed Apr 20 2022 22:02:01 GMT-0400 (Eastern Daylight Time),1650506521001,"hl7,kiosk,orchid,sso"
58dc22189c05524a52b01691,Carson Tahoe,Wed Mar 29 2017 17:07:36 GMT-0400 (Eastern Daylight Time),1490821656760,Fri Apr 01 2022 16:02:41 GMT-0400 (Eastern Daylight Time),Wed Apr 20 2022 22:01:17 GMT-0400 (Eastern Daylight Time),1650506477314,"hl7,kiosk,orchid,sftp,voice"
5978d9d4d27cbea259272282,Seattle Childrens Hospital,Wed Jul 26 2017 14:05:08 GMT-0400 (Eastern Daylight Time),1501092308653,Mon Apr 25 2022 10:20:32 GMT-0400 (Eastern Daylight Time),Wed Apr 20 2022 22:02:02 GMT-0400 (Eastern Daylight Time),1650506522516,"implementation,sftp,voice"
5a0f22d4ff16725c1630d97c,Priority Partners,Fri Nov 17 2017 12:56:36 GMT-0500 (Eastern Standard Time),1510941396396,Fri Apr 22 2022 11:15:31 GMT-0400 (Eastern Daylight Time),Wed Apr 20 2022 22:01:17 GMT-0400 (Eastern Daylight Time),1650506477876,"mco,payor,preventive,voice"
551424215241491cd50b0000,Baptist Health,Thu Mar 26 2015 11:22:09 GMT-0400 (Eastern Daylight Time),1427383329190,Mon Apr 25 2022 09:49:09 GMT-0400 (Eastern Daylight Time),Thu Apr 21 2022 09:33:21 GMT-0400 (Eastern Daylight Time),1650548001626,voice
559d9b1452414928ff9d0000,University of Pennsylvania Health System,Wed Jul 08 2015 17:50:12 GMT-0400 (Eastern Daylight Time),1436392212146,Mon Apr 25 2022 14:29:02 GMT-0400 (Eastern Daylight Time),Wed Apr 20 2022 22:01:41 GMT-0400 (Eastern Daylight Time),1650506501476,voice
562529d15241495c5e530000,Flagler Hospital,Mon Oct 19 2015 13:35:13 GMT-0400 (Eastern Daylight Time),1445276113957,Mon Apr 25 2022 11:52:08 GMT-0400 (Eastern Daylight Time),Wed Apr 20 2022 22:07:29 GMT-0400 (Eastern Daylight Time),1650506849825,"orchid,voice"
57882c6b4004122fb14f4094,Sturdy Memorial Hospital,Thu Jul 14 2016 20:20:59 GMT-0400 (Eastern Daylight Time),1468542059780,Mon Apr 25 2022 06:05:24 GMT-0400 (Eastern Daylight Time),Thu Apr 21 2022 06:02:33 GMT-0400 (Eastern Daylight Time),1650535353038,voice
59ee651bd27cbe65baa14a23,Our Lady of the Lake Regional Medical Center,Mon Oct 23 2017 17:54:35 GMT-0400 (Eastern Daylight Time),1508795675816,Mon Mar 29 2021 06:35:20 GMT-0400 (Eastern Daylight Time),Mon Mar 28 2022 08:29:59 GMT-0400 (Eastern Daylight Time),1648470599640,"hl7,orchid,sso"
5acfa72aff16722d8f9117b0,Cedars-Sinai Medical Center,Thu Apr 12 2018 14:36:26 GMT-0400 (Eastern Daylight Time),1523558186650,Mon Apr 25 2022 11:06:47 GMT-0400 (Eastern Daylight Time),Wed Apr 20 2022 22:01:21 GMT-0400 (Eastern Daylight Time),1650506481929,"implementation,pilot,sftp,voice"
5b2286ddff1672e6cf391489,Christiana Care Health System,Thu Jun 14 2018 11:16:45 GMT-0400 (Eastern Daylight Time),1528989405584,Tue Apr 19 2022 14:36:32 GMT-0400 (Eastern Daylight Time),Mon Apr 25 2022 09:43:48 GMT-0400 (Eastern Daylight Time),1650894228388,"hl7,implementation,orchid,sso"
5b6dac0e74410f377770e4df,Hill Physicians Medical Group,Fri Aug 10 2018 11:15:26 GMT-0400 (Eastern Daylight Time),1533914126527,Thu Apr 21 2022 03:03:04 GMT-0400 (Eastern Daylight Time),Wed Apr 20 2022 22:02:40 GMT-0400 (Eastern Daylight Time),1650506560172,"sftp,voice"
517584b01b85b061b300003d,Hill Country Memorial,Mon Apr 22 2013 14:42:56 GMT-0400 (Eastern Daylight Time),1366656176752,Mon Feb 03 2020 09:36:09 GMT-0500 (Eastern Standard Time),Mon Mar 28 2022 08:30:03 GMT-0400 (Eastern Daylight Time),1648470603793,"sftp,voice"
517569541b85b034fb000003,Middlesex Hospital,Mon Apr 22 2013 12:46:12 GMT-0400 (Eastern Daylight Time),1366649172837,Mon Apr 25 2022 06:31:53 GMT-0400 (Eastern Daylight Time),Wed Apr 20 2022 22:01:21 GMT-0400 (Eastern Daylight Time),1650506481368,"hl7,orchid,sftp,voice"
56f00372acc0db20db00025b,Akron Children's Hospital,Mon Mar 21 2016 10:21:38 GMT-0400 (Eastern Daylight Time),1458570098093,Sun Apr 24 2022 21:21:02 GMT-0400 (Eastern Daylight Time),Wed Apr 20 2022 22:02:41 GMT-0400 (Eastern Daylight Time),1650506561822,"hl7,orchid,sso"
57b70286acc0db7118dac820,Grays Harbor Community Hospital,Fri Aug 19 2016 08:58:46 GMT-0400 (Eastern Daylight Time),1471611526339,Mon Apr 25 2022 04:47:40 GMT-0400 (Eastern Daylight Time),Thu Apr 21 2022 04:45:47 GMT-0400 (Eastern Daylight Time),1650530747879,"echo,hl7,voice"
59807063d27cbe6df65f2c22,Carilion Clinic,Tue Aug 01 2017 08:13:23 GMT-0400 (Eastern Daylight Time),1501589603145,Tue Apr 19 2022 10:33:49 GMT-0400 (Eastern Daylight Time),Wed Apr 20 2022 22:01:40 GMT-0400 (Eastern Daylight Time),1650506500878,"hl7,orchid,sso"
59c4025fd27cbebc83ebcf22,Chattanooga Endoscopy Center,Thu Sep 21 2017 14:18:07 GMT-0400 (Eastern Daylight Time),1506017887662,Mon Apr 25 2022 06:03:51 GMT-0400 (Eastern Daylight Time),Thu Apr 21 2022 06:01:16 GMT-0400 (Eastern Daylight Time),1650535276391,"asc,sftp,voice"
54614dcd5241497e8e370000,HAHV,Mon Nov 10 2014 18:44:13 GMT-0500 (Eastern Standard Time),1415663053564,Mon Apr 25 2022 07:55:40 GMT-0400 (Eastern Daylight Time),Wed Apr 20 2022 22:13:20 GMT-0400 (Eastern Daylight Time),1650507200181,"orchid,voice"
58c84e1074410f666aef1f74,Eyra Care Provider,Tue Mar 14 2017 16:09:52 GMT-0400 (Eastern Daylight Time),1489522192874,,Mon Mar 28 2022 08:30:15 GMT-0400 (Eastern Daylight Time),1648470615383,
5ae74f5fd27cbe53d0832236,Cambridge Health Alliance,Mon Apr 30 2018 13:16:15 GMT-0400 (Eastern Daylight Time),1525108575171,Fri Apr 22 2022 22:29:43 GMT-0400 (Eastern Daylight Time),Wed Apr 20 2022 22:01:30 GMT-0400 (Eastern Daylight Time),1650506490201,"appointment reminders,implementation,preventive,sftp,voice"
5b61c887ff16723570077169,Texas Children's Hospital,Wed Aug 01 2018 10:49:43 GMT-0400 (Eastern Daylight Time),1533134983716,Sun Apr 24 2022 01:08:02 GMT-0400 (Eastern Daylight Time),Wed Apr 20 2022 22:02:43 GMT-0400 (Eastern Daylight Time),1650506563654,"hl7,implementation,orchid"
54ee4d8c524149146cde0100,Indiana University Health,Wed Feb 25 2015 17:32:44 GMT-0500 (Eastern Standard Time),1424903564253,Mon Apr 25 2022 06:27:16 GMT-0400 (Eastern Daylight Time),Wed Apr 20 2022 22:02:51 GMT-0400 (Eastern Daylight Time),1650506571231,"sftp,voice"
54130e4261706f24c3040000,Henry Ford Health System,Fri Sep 12 2014 11:16:18 GMT-0400 (Eastern Daylight Time),1410534978614,Mon Apr 25 2022 13:54:23 GMT-0400 (Eastern Daylight Time),Wed Apr 20 2022 22:01:47 GMT-0400 (Eastern Daylight Time),1650506507666,"hl7,kiosk,orchid,voice"
56e6d232acc0db51e30001f4,Premier Home Health Care,Mon Mar 14 2016 11:01:06 GMT-0400 (Eastern Daylight Time),1457967666359,Tue Oct 18 2016 07:52:51 GMT-0400 (Eastern Daylight Time),Mon Mar 28 2022 08:30:25 GMT-0400 (Eastern Daylight Time),1648470625002,voice
575eb55facc0db0d0d4421f7,Twin Lakes Regional Medical Center,Mon Jun 13 2016 09:30:07 GMT-0400 (Eastern Daylight Time),1465824607753,Mon Apr 25 2022 10:19:04 GMT-0400 (Eastern Daylight Time),Thu Apr 21 2022 10:17:01 GMT-0400 (Eastern Daylight Time),1650550621646,voice
57b22f2c4004121b3550dc06,Princeton Community Hospital,Mon Aug 15 2016 17:07:56 GMT-0400 (Eastern Daylight Time),1471295276837,Mon Apr 25 2022 06:47:55 GMT-0400 (Eastern Daylight Time),Thu Apr 21 2022 01:05:28 GMT-0400 (Eastern Daylight Time),1650517528171,voice
5a942ea8d27cbe7de07adc06,White Horse Village,Mon Feb 26 2018 10:58:32 GMT-0500 (Eastern Standard Time),1519660712162,,Mon Mar 28 2022 08:30:31 GMT-0400 (Eastern Daylight Time),1648470631770,"echo,implementation,sftp,snf,voice"
52df0911677aff7bc3000097,UC Davis,Tue Jan 21 2014 18:56:01 GMT-0500 (Eastern Standard Time),1390348561088,Mon Apr 25 2022 11:19:49 GMT-0400 (Eastern Daylight Time),Wed Apr 20 2022 22:01:46 GMT-0400 (Eastern Daylight Time),1650506506842,voice
53765bdf5241492816090000,Guadalupe Regional Medical Center,Fri May 16 2014 14:41:35 GMT-0400 (Eastern Daylight Time),1400265695914,Mon Apr 25 2022 02:08:14 GMT-0400 (Eastern Daylight Time),Wed Apr 20 2022 22:01:23 GMT-0400 (Eastern Daylight Time),1650506483744,voice
5175a0671b85b061b300006f,St. Mary's Medical Center,Mon Apr 22 2013 16:41:11 GMT-0400 (Eastern Daylight Time),1366663271975,Mon Apr 25 2022 07:15:43 GMT-0400 (Eastern Daylight Time),Thu Apr 21 2022 07:13:34 GMT-0400 (Eastern Daylight Time),1650539614038,voice
51769d4226a97afcc800001b,Bon Secours Health System,Tue Apr 23 2013 10:40:02 GMT-0400 (Eastern Daylight Time),1366728002178,Fri Oct 06 2017 20:13:01 GMT-0400 (Eastern Daylight Time),Mon Mar 28 2022 08:30:36 GMT-0400 (Eastern Daylight Time),1648470636421,"hl7,orchid"
57e9e16facc0db31e083d06d,NorthShore University HealthSystem,Mon Sep 26 2016 23:03:11 GMT-0400 (Eastern Daylight Time),1474945391724,Mon Feb 28 2022 16:50:35 GMT-0500 (Eastern Standard Time),Wed Apr 20 2022 22:04:25 GMT-0400 (Eastern Daylight Time),1650506665297,"hl7,orchid,sso"
560188d45241493461290200,St. David's HealthCare,Tue Sep 22 2015 12:59:00 GMT-0400 (Eastern Daylight Time),1442941140779,Mon Apr 25 2022 08:11:57 GMT-0400 (Eastern Daylight Time),Wed Apr 20 2022 22:01:33 GMT-0400 (Eastern Daylight Time),1650506493079,voice
54d2252752414932c1620000,Palmetto Health Tuomey,Wed Feb 04 2015 08:56:55 GMT-0500 (Eastern Standard Time),1423058215897,Sun Feb 28 2021 23:35:39 GMT-0500 (Eastern Standard Time),Mon Mar 28 2022 08:30:46 GMT-0400 (Eastern Daylight Time),1648470646320,"sftp,voice"
55075e4e5241491dc95b0000,Peterson Regional Medical Center,Mon Mar 16 2015 18:50:54 GMT-0400 (Eastern Daylight Time),1426546254233,Mon Apr 25 2022 07:10:02 GMT-0400 (Eastern Daylight Time),Wed Apr 20 2022 22:03:20 GMT-0400 (Eastern Daylight Time),1650506600639,"orchid,voice"
547d04ab5241493106670200,UCLA Medical Center,Mon Dec 01 2014 19:15:39 GMT-0500 (Eastern Standard Time),1417479339719,Mon Apr 25 2022 13:23:48 GMT-0400 (Eastern Daylight Time),Wed Apr 20 2022 22:04:23 GMT-0400 (Eastern Daylight Time),1650506663736,"hl7,orchid,preventive,sso,voice"
5175a6271b85b061b300008c,Prime Healthcare,Mon Apr 22 2013 17:05:43 GMT-0400 (Eastern Daylight Time),1366664743664,Mon Apr 25 2022 10:37:35 GMT-0400 (Eastern Daylight Time),Wed Apr 20 2022 22:04:31 GMT-0400 (Eastern Daylight Time),1650506671350,"hl7,orchid,voice"
5769bbc2677aff73f2589d54,University of Missouri Health Care,Tue Jun 21 2016 18:12:18 GMT-0400 (Eastern Daylight Time),1466547138921,Mon Apr 25 2022 07:28:58 GMT-0400 (Eastern Daylight Time),Thu Apr 21 2022 06:27:39 GMT-0400 (Eastern Daylight Time),1650536859888,"echo,hl7,orchid,sso"
584067568e82a86411127b13,Mayo Clinic,Thu Dec 01 2016 13:09:26 GMT-0500 (Eastern Standard Time),1480615766866,Wed Dec 02 2020 17:51:15 GMT-0500 (Eastern Standard Time),Wed Apr 20 2022 22:04:22 GMT-0400 (Eastern Daylight Time),1650506662431,"hl7,voice"
591db321d27cbe9587f57774,Brookdale  University Hospital Medical Center,Thu May 18 2017 10:43:45 GMT-0400 (Eastern Daylight Time),1495118625907,Tue Oct 19 2021 08:45:57 GMT-0400 (Eastern Daylight Time),Mon Mar 28 2022 08:30:55 GMT-0400 (Eastern Daylight Time),1648470655562,"hl7,orchid,voice"
59f8b966d27cbeb0af4a2940,Marketing-Events,Tue Oct 31 2017 13:56:54 GMT-0400 (Eastern Daylight Time),1509472614682,,Mon Mar 28 2022 08:30:58 GMT-0400 (Eastern Daylight Time),1648470658398,marketing
5a86345bd27cbe355e8d1d51,StomatCare,Thu Feb 15 2018 20:31:07 GMT-0500 (Eastern Standard Time),1518744667707,Mon Feb 18 2019 15:47:10 GMT-0500 (Eastern Standard Time),Mon Mar 28 2022 08:30:59 GMT-0400 (Eastern Daylight Time),1648470659783,"ambulatory,payor,preventive,voice"
5b0ef760ff16727e2a621be8,Partners Healthcare,Wed May 30 2018 15:11:28 GMT-0400 (Eastern Daylight Time),1527707488867,Sat May 01 2021 11:02:23 GMT-0400 (Eastern Daylight Time),Wed Apr 20 2022 22:01:57 GMT-0400 (Eastern Daylight Time),1650506517681,"hl7,orchid"
5522cb8d5241496bfe2e0400,Kingsbrook Jewish Medical Center,Mon Apr 06 2015 14:08:13 GMT-0400 (Eastern Daylight Time),1428343693006,Mon Apr 25 2022 06:17:47 GMT-0400 (Eastern Daylight Time),Wed Apr 20 2022 22:02:06 GMT-0400 (Eastern Daylight Time),1650506526985,echo
574f072dacc0db06c8000046,Providigm,Wed Jun 01 2016 12:02:53 GMT-0400 (Eastern Daylight Time),1464796973526,,Mon Mar 28 2022 08:31:08 GMT-0400 (Eastern Daylight Time),1648470668213,implementation
57ebef63acc0db66042c1d82,Manatee Memorial Hospital,Wed Sep 28 2016 12:27:15 GMT-0400 (Eastern Daylight Time),1475080035116,,Mon Mar 28 2022 08:31:09 GMT-0400 (Eastern Daylight Time),1648470669589,"hl7,implementation,orchid"
591db38dd27cbe8dc3f577b5,Trinity Health of NE,Thu May 18 2017 10:45:33 GMT-0400 (Eastern Daylight Time),1495118733562,Mon Apr 25 2022 09:40:49 GMT-0400 (Eastern Daylight Time),Thu Apr 21 2022 07:31:46 GMT-0400 (Eastern Daylight Time),1650540706281,"sftp,voice"
59516787d27cbede1924d757,Community Health Network,Mon Jun 26 2017 15:59:03 GMT-0400 (Eastern Daylight Time),1498507143246,Mon Apr 25 2022 06:48:49 GMT-0400 (Eastern Daylight Time),Wed Apr 20 2022 22:01:18 GMT-0400 (Eastern Daylight Time),1650506478455,"hl7,orchid"
59dcd0bcff167278f2dea538,Nascentia Health,Tue Oct 10 2017 09:53:00 GMT-0400 (Eastern Daylight Time),1507643580449,Wed Sep 08 2021 10:08:37 GMT-0400 (Eastern Daylight Time),Wed Apr 20 2022 22:03:05 GMT-0400 (Eastern Daylight Time),1650506585279,"hha,sftp,voice"
5b182aacd27cbe7487a74365,Marshall Health,Wed Jun 06 2018 14:40:44 GMT-0400 (Eastern Daylight Time),1528310444333,Mon Apr 25 2022 03:38:53 GMT-0400 (Eastern Daylight Time),Wed Apr 20 2022 22:01:44 GMT-0400 (Eastern Daylight Time),1650506504245,"appointment reminders,sftp,voice"
5b4ca0c7ff16723d0f9a617b,Beebe Healthcare,Mon Jul 16 2018 09:42:31 GMT-0400 (Eastern Daylight Time),1531748551629,Mon Apr 25 2022 09:32:51 GMT-0400 (Eastern Daylight Time),Wed Apr 20 2022 22:01:40 GMT-0400 (Eastern Daylight Time),1650506500224,"sftp,voice"
5175aab31b85b034fb00007e,Upstate University Hospital,Mon Apr 22 2013 17:25:07 GMT-0400 (Eastern Daylight Time),1366665907444,Mon Apr 25 2022 09:10:22 GMT-0400 (Eastern Daylight Time),Thu Apr 21 2022 09:04:02 GMT-0400 (Eastern Daylight Time),1650546242365,voice
593dfa20d27cbe7b8f0bf41d,John T. Mather Memorial Hospital,Sun Jun 11 2017 22:19:12 GMT-0400 (Eastern Daylight Time),1497233952538,Mon Apr 25 2022 07:10:02 GMT-0400 (Eastern Daylight Time),Wed Apr 20 2022 22:01:43 GMT-0400 (Eastern Daylight Time),1650506503129,"hl7,kiosk,sso,voice"
5a95b4dcd27cbe43dacbf1b0,Luther Manor,Tue Feb 27 2018 14:43:24 GMT-0500 (Eastern Standard Time),1519760604716,Mon Apr 18 2022 12:25:21 GMT-0400 (Eastern Daylight Time),Mon Apr 11 2022 10:16:06 GMT-0400 (Eastern Daylight Time),1649686566008,"pilot,sftp,snf,voice"
5b7d9f4aff1672dd3ed72c7b,VNA Health Group,Wed Aug 22 2018 13:37:14 GMT-0400 (Eastern Daylight Time),1534959434042,Tue Apr 02 2019 09:12:56 GMT-0400 (Eastern Daylight Time),Mon Mar 28 2022 08:31:30 GMT-0400 (Eastern Daylight Time),1648470690788,"hha,sftp,voice"
5c113c1974410fc8443478d8,Riverside University Health System,Wed Dec 12 2018 11:49:29 GMT-0500 (Eastern Standard Time),1544633369882,Mon Apr 25 2022 09:22:34 GMT-0400 (Eastern Daylight Time),Mon Apr 25 2022 12:49:59 GMT-0400 (Eastern Daylight Time),1650905399612,"hl7,implementation,orchid,sftp"
5c19524a74410ff8d71d9752,Community Hospital,Tue Dec 18 2018 15:02:18 GMT-0500 (Eastern Standard Time),1545163338502,Tue Jun 23 2020 16:24:06 GMT-0400 (Eastern Daylight Time),Mon Mar 28 2022 08:31:32 GMT-0400 (Eastern Daylight Time),1648470692492,"echo,orchid"
5b856d97d27cbeda1d99f29c,Advocate Aurora Health,Tue Aug 28 2018 11:43:19 GMT-0400 (Eastern Daylight Time),1535470999126,Mon Apr 25 2022 08:30:39 GMT-0400 (Eastern Daylight Time),Wed Apr 20 2022 22:03:08 GMT-0400 (Eastern Daylight Time),1650506588466,"hl7,orchid,sso"
5cf7ebbad27cbe2940acf76f,Banner Health,Wed Jun 05 2019 12:20:10 GMT-0400 (Eastern Daylight Time),1559751610727,Mon Apr 25 2022 15:12:06 GMT-0400 (Eastern Daylight Time),Wed Apr 20 2022 22:00:45 GMT-0400 (Eastern Daylight Time),1650506445709,"hl7,implementation,orchid,sftp,sso"
5dcdc295d27cbe63f6c3df60,Cabell Huntington Hospital,Thu Nov 14 2019 16:09:41 GMT-0500 (Eastern Standard Time),1573765781672,Mon Apr 25 2022 04:48:36 GMT-0400 (Eastern Daylight Time),Thu Apr 21 2022 04:54:59 GMT-0400 (Eastern Daylight Time),1650531299687,"hl7,voice"
5ca64c89d27cbef492462703,MultiCare Health System,Thu Apr 04 2019 14:27:21 GMT-0400 (Eastern Daylight Time),1554402441204,Mon Apr 25 2022 07:11:02 GMT-0400 (Eastern Daylight Time),Fri Apr 22 2022 18:31:12 GMT-0400 (Eastern Daylight Time),1650666672000,"hl7,implementation,orchid,sso"
5cae1530ff1672f96aa895a0,Management Solutions,Wed Apr 10 2019 12:09:20 GMT-0400 (Eastern Daylight Time),1554912560469,Mon Apr 25 2022 06:33:34 GMT-0400 (Eastern Daylight Time),Wed Apr 20 2022 22:01:24 GMT-0400 (Eastern Daylight Time),1650506484480,"implementation,sftp,voice"
5ceecbd0ff16729c31b2d17c,St. Bernards Medical Center,Wed May 29 2019 14:13:36 GMT-0400 (Eastern Daylight Time),1559153616823,Mon Apr 25 2022 12:48:42 GMT-0400 (Eastern Daylight Time),Thu Apr 21 2022 03:01:24 GMT-0400 (Eastern Daylight Time),1650524484872,"implementation,sftp,voice"
5d94bf9ed27cbe77a6d2275e,Texas Health Resources ,Wed Oct 02 2019 11:17:50 GMT-0400 (Eastern Daylight Time),1570029470982,Mon Apr 25 2022 06:06:01 GMT-0400 (Eastern Daylight Time),Wed Apr 20 2022 22:03:36 GMT-0400 (Eastern Daylight Time),1650506616401,"hl7,implementation,orchid,sftp,sso"
5efc8b7bff1672fe6965e44f,AMSURG,Wed Jul 01 2020 09:11:23 GMT-0400 (Eastern Daylight Time),1593609083945,Mon Apr 25 2022 09:07:22 GMT-0400 (Eastern Daylight Time),Thu Apr 21 2022 08:06:02 GMT-0400 (Eastern Daylight Time),1650542762048,
5f7f73c7ff16727be9020e62,HCA,Thu Oct 08 2020 16:17:11 GMT-0400 (Eastern Daylight Time),1602188231579,,Mon Mar 28 2022 08:31:41 GMT-0400 (Eastern Daylight Time),1648470701116,"implementation,voice"
5e385f88ff167237f8c782d5,Hamilton Health Care System,Mon Feb 03 2020 12:59:36 GMT-0500 (Eastern Standard Time),1580752776436,Tue Oct 20 2020 16:03:40 GMT-0400 (Eastern Daylight Time),Mon Mar 28 2022 08:31:44 GMT-0400 (Eastern Daylight Time),1648470704357,"hl7,implementation,orchid,sftp"
5ffdbd77ff1672e09c8f2f1b,EvergreenHealth,Tue Jan 12 2021 10:17:11 GMT-0500 (Eastern Standard Time),1610464631809,Thu Mar 17 2022 10:23:53 GMT-0400 (Eastern Daylight Time),Mon Mar 28 2022 08:31:45 GMT-0400 (Eastern Daylight Time),1648470705135,"hl7,sftp"
5cd03c15d27cbe3fc1eab596,Charles B. Wang Community Health Center,Mon May 06 2019 09:52:21 GMT-0400 (Eastern Daylight Time),1557150741989,Mon Apr 25 2022 08:55:33 GMT-0400 (Eastern Daylight Time),Thu Apr 21 2022 08:45:06 GMT-0400 (Eastern Daylight Time),1650545106940,"appointment reminders,implementation,sftp,voice"
5d2f34f0d27cbe64350849b7,Willis Knighton Health System,Wed Jul 17 2019 10:47:12 GMT-0400 (Eastern Daylight Time),1563374832648,Sun Apr 24 2022 09:06:52 GMT-0400 (Eastern Daylight Time),Sun Apr 24 2022 09:06:52 GMT-0400 (Eastern Daylight Time),1650805612547,"hl7,implementation,orchid"
5ccaf480ff16726c99ab5401,Scripps Health System,Thu May 02 2019 09:45:36 GMT-0400 (Eastern Daylight Time),1556804736242,Sun Apr 24 2022 11:17:54 GMT-0400 (Eastern Daylight Time),Wed Apr 20 2022 22:03:09 GMT-0400 (Eastern Daylight Time),1650506589015,"implementation,sftp,voice"
5eb9b129ff1672391b6812ba,UC Irvine,Mon May 11 2020 16:10:17 GMT-0400 (Eastern Daylight Time),1589227817668,Mon Apr 25 2022 10:34:10 GMT-0400 (Eastern Daylight Time),Wed Apr 20 2022 22:03:22 GMT-0400 (Eastern Daylight Time),1650506602318,"sftp,voice"
5fc693e474410f1b1aad6bed,Boone Memorial Hospital,Tue Dec 01 2020 14:05:08 GMT-0500 (Eastern Standard Time),1606849508224,Thu Sep 09 2021 13:05:26 GMT-0400 (Eastern Daylight Time),Mon Mar 28 2022 08:31:53 GMT-0400 (Eastern Daylight Time),1648470713419,"implementation,voice"
5d372c43d27cbef3dfe62fd1,Amerikan Hastanesi,Tue Jul 23 2019 11:48:19 GMT-0400 (Eastern Daylight Time),1563896899588,,Mon Mar 28 2022 08:31:54 GMT-0400 (Eastern Daylight Time),1648470714379,"orchid,pilot"
5ea76302ff1672344f700d05,Well Care Home Health (HL7 Test CP),Mon Apr 27 2020 18:56:02 GMT-0400 (Eastern Daylight Time),1588028162173,,Mon Mar 28 2022 08:31:56 GMT-0400 (Eastern Daylight Time),1648470716703,
5bd21c4b74410f37d4fcfc76,Good Samaritan Society,Thu Oct 25 2018 15:40:59 GMT-0400 (Eastern Daylight Time),1540496459958,Mon Apr 25 2022 08:13:09 GMT-0400 (Eastern Daylight Time),Mon Mar 28 2022 08:31:57 GMT-0400 (Eastern Daylight Time),1648470717003,"pam,sftp,snf,voice"
5e4d58ebd27cbee741c1a244,Cone Health,Wed Feb 19 2020 10:48:59 GMT-0500 (Eastern Standard Time),1582127339109,Mon Apr 25 2022 08:20:10 GMT-0400 (Eastern Daylight Time),Wed Apr 20 2022 22:03:30 GMT-0400 (Eastern Daylight Time),1650506610459,"ambulatory,hl7,implementation,orchid"
5b7f1ffcd27cbe886d3450bf,Frederick Memorial Hospital,Thu Aug 23 2018 16:58:36 GMT-0400 (Eastern Daylight Time),1535057916488,Mon Apr 18 2022 09:24:03 GMT-0400 (Eastern Daylight Time),Mon Apr 18 2022 09:25:43 GMT-0400 (Eastern Daylight Time),1650288343015,"hl7,orchid,sso"
5b968f8dff16729f0fae928c,AnMed Health,Mon Sep 10 2018 11:36:45 GMT-0400 (Eastern Daylight Time),1536593805225,Mon Apr 25 2022 07:12:33 GMT-0400 (Eastern Daylight Time),Wed Apr 20 2022 22:01:43 GMT-0400 (Eastern Daylight Time),1650506503673,"hl7,voice"
5ffdbe2bff1672e1808e53f4,Homecare Holdings,Tue Jan 12 2021 10:20:11 GMT-0500 (Eastern Standard Time),1610464811740,Mon Apr 25 2022 05:04:14 GMT-0400 (Eastern Daylight Time),Thu Apr 21 2022 05:05:31 GMT-0400 (Eastern Daylight Time),1650531931297,"hl7,sftp"
5ba538c7ff1672c3f4d69fde,Care Gaps Disney,Fri Sep 21 2018 14:30:31 GMT-0400 (Eastern Daylight Time),1537554631987,,Mon Mar 28 2022 08:32:09 GMT-0400 (Eastern Daylight Time),1648470729119,
5c6f8101ff167233097621ec,SightMD,Thu Feb 21 2019 23:56:33 GMT-0500 (Eastern Standard Time),1550811393221,Thu Jul 30 2020 07:41:42 GMT-0400 (Eastern Daylight Time),Tue Jan 25 2022 22:02:59 GMT-0500 (Eastern Standard Time),1643166179786,"appointment reminders,implementation,preventive,sftp"
5c8bffe374410f54b353c239,Jupiter Medical Center,Fri Mar 15 2019 15:41:24 GMT-0400 (Eastern Daylight Time),1552678884062,Thu May 27 2021 17:56:40 GMT-0400 (Eastern Daylight Time),Mon Mar 28 2022 08:32:10 GMT-0400 (Eastern Daylight Time),1648470730394,"hl7,implementation,orchid,sftp,sso"
5ccaf43cff167268f7aef4c0,Stony Brook Community Medical Center,Thu May 02 2019 09:44:28 GMT-0400 (Eastern Daylight Time),1556804668095,Sat Feb 05 2022 16:41:46 GMT-0500 (Eastern Standard Time),Mon Mar 28 2022 08:32:10 GMT-0400 (Eastern Daylight Time),1648470730708,"appointment reminders,hl7,implementation,voice"
5de9615aff1672b488aab42a,Sarasota Memorial Hospital,Thu Dec 05 2019 14:58:18 GMT-0500 (Eastern Standard Time),1575575898409,Wed Apr 20 2022 12:05:09 GMT-0400 (Eastern Daylight Time),Wed Apr 20 2022 22:04:28 GMT-0400 (Eastern Daylight Time),1650506668552,"hl7,orchid"
5e0e1c99ff1672435dfe154c,Licking Memorial Hospital,Thu Jan 02 2020 11:38:49 GMT-0500 (Eastern Standard Time),1577983129055,Mon Apr 25 2022 04:40:11 GMT-0400 (Eastern Daylight Time),Mon Apr 25 2022 04:40:11 GMT-0400 (Eastern Daylight Time),1650876011587,"hl7,implementation,sso"
5efa4ab774410f5aff987f55,One Homecare Solutions,Mon Jun 29 2020 16:10:31 GMT-0400 (Eastern Daylight Time),1593461431240,Sat Apr 23 2022 06:52:47 GMT-0400 (Eastern Daylight Time),Thu Apr 21 2022 06:50:17 GMT-0400 (Eastern Daylight Time),1650538217180,
5f4d41c2ff1672a740672261,Phelps Health,Mon Aug 31 2020 14:30:26 GMT-0400 (Eastern Daylight Time),1598898626964,Thu Feb 17 2022 11:23:32 GMT-0500 (Eastern Standard Time),Wed Apr 20 2022 22:01:20 GMT-0400 (Eastern Daylight Time),1650506480016,
5b8e90cdff16721fae082110,Tealwood Senior Living,Tue Sep 04 2018 10:03:58 GMT-0400 (Eastern Daylight Time),1536069838012,Mon Apr 25 2022 15:53:12 GMT-0400 (Eastern Daylight Time),Wed Apr 20 2022 21:50:24 GMT-0400 (Eastern Daylight Time),1650505824171,"pam,sftp,voice"
5c923f12d27cbe7b9a209c1b,United Health Services,Wed Mar 20 2019 09:24:34 GMT-0400 (Eastern Daylight Time),1553088274521,Sun Apr 24 2022 18:21:42 GMT-0400 (Eastern Daylight Time),Thu Apr 21 2022 18:19:30 GMT-0400 (Eastern Daylight Time),1650579570986,"hl7,implementation,orchid,sftp,sso"
5dd5960aff1672272a9a1f70,Culpeper Hospital,Wed Nov 20 2019 14:37:46 GMT-0500 (Eastern Standard Time),1574278666033,Fri Jul 30 2021 13:16:13 GMT-0400 (Eastern Daylight Time),Mon Mar 28 2022 08:32:18 GMT-0400 (Eastern Daylight Time),1648470738883,"hl7,orchid,sftp"
5e4323dcff16723c334beeeb,OptimaHealth,Tue Feb 11 2020 16:59:56 GMT-0500 (Eastern Standard Time),1581458396559,Mon Apr 25 2022 08:55:34 GMT-0400 (Eastern Daylight Time),Mon Apr 25 2022 10:45:15 GMT-0400 (Eastern Daylight Time),1650897915176,"sftp,voice"
5f16f01174410facfa8ce7cd,Regal Medical Group,Tue Jul 21 2020 09:39:29 GMT-0400 (Eastern Daylight Time),1595338769470,Mon Apr 25 2022 09:03:48 GMT-0400 (Eastern Daylight Time),Wed Apr 20 2022 22:02:29 GMT-0400 (Eastern Daylight Time),1650506549013,"sftp,voice"
5bb3aadaff1672c192a61de9,UMass Memorial Medical Center,Tue Oct 02 2018 13:28:58 GMT-0400 (Eastern Daylight Time),1538501338699,Mon Oct 05 2020 16:47:15 GMT-0400 (Eastern Daylight Time),Wed Apr 20 2022 22:02:24 GMT-0400 (Eastern Daylight Time),1650506544629,"hl7,implementation,orchid,sso"
5bd8b72b74410f300b3459a9,CHI Mercy Medical,Tue Oct 30 2018 15:55:23 GMT-0400 (Eastern Daylight Time),1540929323569,,Wed Apr 20 2022 22:03:07 GMT-0400 (Eastern Daylight Time),1650506587685,"hl7,orchid"
5bff0048d27cbe269edde145,Health First,Wed Nov 28 2018 15:53:28 GMT-0500 (Eastern Standard Time),1543438408980,Fri Feb 18 2022 16:44:28 GMT-0500 (Eastern Standard Time),Wed Apr 20 2022 22:02:41 GMT-0400 (Eastern Daylight Time),1650506561180,"hl7,implementation,orchid,sso"
5c86821774410faa476d70ce,North Mississippi Health System,Mon Mar 11 2019 11:43:20 GMT-0400 (Eastern Daylight Time),1552319000130,Mon Apr 25 2022 06:03:47 GMT-0400 (Eastern Daylight Time),Wed Mar 02 2022 13:32:13 GMT-0500 (Eastern Standard Time),1646245933658,"implementation,sftp,voice"
5d545ea4d27cbe2f767a217c,Enloe Medical Center,Wed Aug 14 2019 15:19:00 GMT-0400 (Eastern Daylight Time),1565810340143,Thu Mar 31 2022 15:23:17 GMT-0400 (Eastern Daylight Time),Thu Mar 31 2022 15:23:34 GMT-0400 (Eastern Daylight Time),1648754614093,"appointment reminders,hl7,implementation,siu,sso,voice"
5b990c43ff16725e9ba7f3a7,Stanford Health Care,Wed Sep 12 2018 08:53:23 GMT-0400 (Eastern Daylight Time),1536756803979,Mon Apr 25 2022 09:04:36 GMT-0400 (Eastern Daylight Time),Wed Apr 20 2022 22:02:03 GMT-0400 (Eastern Daylight Time),1650506523891,"hl7,orchid,sftp,sso"
5cc71131ff167294e9961eed,Buckeye Home Health,Mon Apr 29 2019 10:58:57 GMT-0400 (Eastern Daylight Time),1556549937254,Tue Oct 13 2020 08:32:26 GMT-0400 (Eastern Daylight Time),Mon Mar 28 2022 08:32:29 GMT-0400 (Eastern Daylight Time),1648470749609,"implementation,sftp,voice"
5e6fdb96ff16724bb609d626,Keck Medicine of USC,Mon Mar 16 2020 16:03:34 GMT-0400 (Eastern Daylight Time),1584389014364,Mon Apr 25 2022 10:20:03 GMT-0400 (Eastern Daylight Time),Wed Apr 20 2022 22:03:28 GMT-0400 (Eastern Daylight Time),1650506608288,
5b85617874410f23140f6a8d,Sierra Pacific Orthopedics,Tue Aug 28 2018 10:51:36 GMT-0400 (Eastern Daylight Time),1535467896418,Mon Feb 08 2021 16:59:16 GMT-0500 (Eastern Standard Time),Mon Mar 28 2022 08:32:31 GMT-0400 (Eastern Daylight Time),1648470751850,"appointment reminders,hl7,implementation"
5d39ab4cff16722bcfebaad6,St. Croix Hospice,Thu Jul 25 2019 09:14:52 GMT-0400 (Eastern Daylight Time),1564060492843,Mon Apr 25 2022 04:02:24 GMT-0400 (Eastern Daylight Time),Wed Apr 20 2022 22:01:48 GMT-0400 (Eastern Daylight Time),1650506508212,"hha,sftp,voice"
5d9668e2d27cbe7843d42d5c,San Joaquin General Hospital,Thu Oct 03 2019 17:32:19 GMT-0400 (Eastern Daylight Time),1570138339014,Fri Apr 08 2022 15:40:37 GMT-0400 (Eastern Daylight Time),Wed Apr 20 2022 22:04:25 GMT-0400 (Eastern Daylight Time),1650506665969,"preventive,sftp"
5e20d04dd27cbe3daefdd7af,Lee Health,Thu Jan 16 2020 16:06:21 GMT-0500 (Eastern Standard Time),1579208781793,Mon Apr 25 2022 05:09:19 GMT-0400 (Eastern Daylight Time),Wed Apr 20 2022 22:02:39 GMT-0400 (Eastern Daylight Time),1650506559182,"hl7,implementation,orchid,sftp,sso"
5eb247d0d27cbe3a85648c8c,Chinchilla Mansion,Wed May 06 2020 01:14:56 GMT-0400 (Eastern Daylight Time),1588742096501,,Mon Mar 28 2022 08:32:35 GMT-0400 (Eastern Daylight Time),1648470755971,
5ffdbd20ff1672dfd8901854,EvergreenHealth (HL7 Test),Tue Jan 12 2021 10:15:44 GMT-0500 (Eastern Standard Time),1610464544677,,Wed Apr 20 2022 00:35:22 GMT-0400 (Eastern Daylight Time),1650429322704,"hl7,sftp"
5ffdbe5fff1672df03927684,HL7 Test Care Provider (At Home Healthcare),Tue Jan 12 2021 10:21:03 GMT-0500 (Eastern Standard Time),1610464863083,,Mon Mar 28 2022 08:32:37 GMT-0400 (Eastern Daylight Time),1648470757858,hl7
5c5db16eff16727387d03f13,Aurora at Home,Fri Feb 08 2019 11:42:22 GMT-0500 (Eastern Standard Time),1549644142254,Mon Apr 25 2022 07:50:54 GMT-0400 (Eastern Daylight Time),Thu Apr 21 2022 07:35:58 GMT-0400 (Eastern Daylight Time),1650540958501,"hha,sftp"
5d485ddcd27cbe03be05c5e9,iCare,Mon Aug 05 2019 12:48:28 GMT-0400 (Eastern Daylight Time),1565023708762,Tue May 18 2021 10:21:07 GMT-0400 (Eastern Daylight Time),Wed Apr 20 2022 22:01:59 GMT-0400 (Eastern Daylight Time),1650506519065,"preventive,sftp"
605c7eefd27cbe72e098319e,Guardian Angels Elim Home Care and Hospice,Thu Mar 25 2021 08:15:43 GMT-0400 (Eastern Daylight Time),1616674543456,Wed Mar 31 2021 17:48:42 GMT-0400 (Eastern Daylight Time),Mon Mar 28 2022 08:32:42 GMT-0400 (Eastern Daylight Time),1648470762337,hl7
607890f974410f33fdfcea7d,El Camino Health,Thu Apr 15 2021 15:16:09 GMT-0400 (Eastern Daylight Time),1618514169825,Mon Apr 25 2022 10:21:53 GMT-0400 (Eastern Daylight Time),Thu Apr 21 2022 11:34:08 GMT-0400 (Eastern Daylight Time),1650555248306,sftp
607efbcdd27cbe246d3c746e,Carpenter Health Network,Tue Apr 20 2021 12:05:33 GMT-0400 (Eastern Daylight Time),1618934733607,Fri Aug 06 2021 17:44:52 GMT-0400 (Eastern Daylight Time),Wed Apr 20 2022 22:03:41 GMT-0400 (Eastern Daylight Time),1650506621860,hl7
609439acd27cbe0ec4012adc,CareCentrix,Thu May 06 2021 14:47:09 GMT-0400 (Eastern Daylight Time),1620326829002,Fri Jul 30 2021 08:04:25 GMT-0400 (Eastern Daylight Time),Mon Mar 28 2022 08:32:44 GMT-0400 (Eastern Daylight Time),1648470764628,voice
60a3e1d5ff167201e8360a03,Duke Health,Tue May 18 2021 11:48:37 GMT-0400 (Eastern Daylight Time),1621352917592,Mon Apr 25 2022 03:56:27 GMT-0400 (Eastern Daylight Time),Wed Apr 20 2022 22:04:32 GMT-0400 (Eastern Daylight Time),1650506672991,
60a6a42774410f5af7470ae0,Clark Memorial Health,Thu May 20 2021 14:02:15 GMT-0400 (Eastern Daylight Time),1621533735313,Mon Apr 25 2022 04:49:19 GMT-0400 (Eastern Daylight Time),Fri Apr 15 2022 10:14:45 GMT-0400 (Eastern Daylight Time),1650032085889,
60a7ce3ad27cbe55bc4f15c1,One Brooklyn Health,Fri May 21 2021 11:14:02 GMT-0400 (Eastern Daylight Time),1621610042223,,Mon Mar 28 2022 08:32:46 GMT-0400 (Eastern Daylight Time),1648470766495,"hl7,implementation"
60a7f7c874410f30730b6d64,Carpenter Health (HL7 Test Provider),Fri May 21 2021 14:11:20 GMT-0400 (Eastern Daylight Time),1621620680519,,Mon Mar 28 2022 08:32:47 GMT-0400 (Eastern Daylight Time),1648470767211,hl7
60e4545974410f2ace2e1f5d,Lauren Test Provider,Tue Jul 06 2021 09:02:17 GMT-0400 (Eastern Daylight Time),1625576537259,,Mon Mar 28 2022 08:32:48 GMT-0400 (Eastern Daylight Time),1648470768282,
60e4576574410f2ace2e226f,Lauren C Test Provider,Tue Jul 06 2021 09:15:17 GMT-0400 (Eastern Daylight Time),1625577317784,,Mon Mar 28 2022 08:32:48 GMT-0400 (Eastern Daylight Time),1648470768634,
60eee987ff1672d66efdeda2,Stony Brook Medicine (Outpatient),Wed Jul 14 2021 09:41:27 GMT-0400 (Eastern Daylight Time),1626270087230,Mon Apr 25 2022 06:09:08 GMT-0400 (Eastern Daylight Time),Wed Apr 20 2022 22:04:27 GMT-0400 (Eastern Daylight Time),1650506667111,"appointment reminders,hl7"
61448a58ff1672969f5315c2,West Tennessee Healthcare,Fri Sep 17 2021 08:30:16 GMT-0400 (Eastern Daylight Time),1631881816442,Mon Apr 25 2022 09:13:33 GMT-0400 (Eastern Daylight Time),Mon Apr 25 2022 09:09:26 GMT-0400 (Eastern Daylight Time),1650892166743,hl7
61560dd1d27cbe068d5f443f,Pipeline Health,Thu Sep 30 2021 15:19:45 GMT-0400 (Eastern Daylight Time),1633029585620,Mon Apr 25 2022 10:07:02 GMT-0400 (Eastern Daylight Time),Mon Mar 28 2022 08:32:50 GMT-0400 (Eastern Daylight Time),1648470770445,
61659492ff1672ac3643a971,Sentara Quality Care Network,Tue Oct 12 2021 09:58:42 GMT-0400 (Eastern Daylight Time),1634047122999,Mon Apr 25 2022 08:53:50 GMT-0400 (Eastern Daylight Time),Mon Mar 28 2022 08:32:51 GMT-0400 (Eastern Daylight Time),1648470771141,
619baf3074410f0fc7aefa33,Las Palmas Del Sol Healthcare,Mon Nov 22 2021 09:54:40 GMT-0500 (Eastern Standard Time),1637592880907,,Mon Mar 28 2022 08:32:52 GMT-0400 (Eastern Daylight Time),1648470772345,
61e839a574410f5585f824a0,Adrian's Test CP,Wed Jan 19 2022 11:17:41 GMT-0500 (Eastern Standard Time),1642609061697,,Mon Mar 28 2022 08:32:54 GMT-0400 (Eastern Daylight Time),1648470774147,
61f81b43ff1672ea3f5264f2,Kaiser Permanente,Mon Jan 31 2022 12:24:19 GMT-0500 (Eastern Standard Time),1643649859297,Mon Apr 25 2022 07:54:42 GMT-0400 (Eastern Daylight Time),Wed Apr 20 2022 18:56:53 GMT-0400 (Eastern Daylight Time),1650495413148,
620a899fff167255d69d4f4e,Test Slade,Mon Feb 14 2022 11:55:59 GMT-0500 (Eastern Standard Time),1644857759188,,Mon Feb 14 2022 11:56:09 GMT-0500 (Eastern Standard Time),1644857769949,
620ea841ff16725541a12cb4,CommonSpirit (SSO Test),Thu Feb 17 2022 14:55:46 GMT-0500 (Eastern Standard Time),1645127746110,,Thu Feb 17 2022 15:06:26 GMT-0500 (Eastern Standard Time),1645128386032,
6217e506d27cbe4737daf772,SMS Alerting and Monitoring,Thu Feb 24 2022 15:05:26 GMT-0500 (Eastern Standard Time),1645733126463,,Thu Feb 24 2022 15:05:39 GMT-0500 (Eastern Standard Time),1645733139607,
62544c0fff1672d09ae3889e,Central Hospital,Mon Apr 11 2022 11:41:03 GMT-0400 (Eastern Daylight Time),1649691663666,Thu Apr 21 2022 13:50:22 GMT-0400 (Eastern Daylight Time),Thu Apr 21 2022 17:39:52 GMT-0400 (Eastern Daylight Time),1650577192630,
62570e41d27cbe783988bbf2,Test 4/13,Wed Apr 13 2022 13:54:09 GMT-0400 (Eastern Daylight Time),1649872449899,,Wed Apr 13 2022 13:54:20 GMT-0400 (Eastern Daylight Time),1649872460706,
625ed5d6d27cbe78398fa52f,Prisma Health,Tue Apr 19 2022 11:31:35 GMT-0400 (Eastern Daylight Time),1650382295150,,Tue Apr 19 2022 11:32:21 GMT-0400 (Eastern Daylight Time),1650382341637,
