ID,NAME,CREATED,CREATED (MS),UPDATED,UPDATED (MS),TAGS,Patient Count,Encounter Count
550b3ab85241494278ba0000,Intermountain Healthcare,Thu Mar 19 2015 17:08:08 GMT-0400 (Eastern Daylight Time),1426799288740,Mon Apr 26 2021 17:34:40 GMT-0400 (Eastern Daylight Time),1619472880985,"hl7,orchid,voice",0,0
517584b01b85b061b300003d,Hill Country Memorial,Mon Apr 22 2013 14:42:56 GMT-0400 (Eastern Daylight Time),1366656176752,Tue Dec 15 2020 09:52:29 GMT-0500 (Eastern Standard Time),1608043949393,"sftp,voice",0,0
517569541b85b034fb000003,Middlesex Hospital,Mon Apr 22 2013 12:46:12 GMT-0400 (Eastern Daylight Time),1366649172837,Tue Apr 27 2021 15:21:44 GMT-0400 (Eastern Daylight Time),1619551304239,"hl7,orchid,sftp,voice",0,0
56f00372acc0db20db00025b,Akron Children's Hospital,Mon Mar 21 2016 10:21:38 GMT-0400 (Eastern Daylight Time),1458570098093,Fri Mar 19 2021 14:42:09 GMT-0400 (Eastern Daylight Time),1616179329621,"hl7,orchid,sso",0,0
57b70286acc0db7118dac820,Grays Harbor Community Hospital,Fri Aug 19 2016 08:58:46 GMT-0400 (Eastern Daylight Time),1471611526339,Wed Jan 27 2021 14:45:56 GMT-0500 (Eastern Standard Time),1611776756732,"echo,hl7,voice",0,0
59807063d27cbe6df65f2c22,Carilion Clinic,Tue Aug 01 2017 08:13:23 GMT-0400 (Eastern Daylight Time),1501589603145,Fri Apr 23 2021 10:08:41 GMT-0400 (Eastern Daylight Time),1619186921382,"hl7,orchid,sso",0,0
59c4025fd27cbebc83ebcf22,Chattanooga Endoscopy Center,Thu Sep 21 2017 14:18:07 GMT-0400 (Eastern Daylight Time),1506017887662,Mon Jan 04 2021 11:40:21 GMT-0500 (Eastern Standard Time),1609778421051,"asc,sftp,voice",0,0
56253f1361706f73e36c0700,Interfaith Medical Center,Mon Oct 19 2015 15:05:55 GMT-0400 (Eastern Daylight Time),1445281555721,Mon Mar 15 2021 23:39:10 GMT-0400 (Eastern Daylight Time),1615865950258,orchid,0,0
56549db752414960e31e0200,Carle Foundation,Tue Nov 24 2015 12:26:15 GMT-0500 (Eastern Standard Time),1448385975212,Tue Jan 26 2021 22:01:19 GMT-0500 (Eastern Standard Time),1611716479621,"hl7,orchid",0,0
5175a6c21b85b034fb000073,Franciscan Health System,Mon Apr 22 2013 17:08:18 GMT-0400 (Eastern Daylight Time),1366664898826,Wed Apr 28 2021 11:39:14 GMT-0400 (Eastern Daylight Time),1619624354197,"hl7,orchid,voice",0,0
55365e525241497d90580100,Baylor Scott & White Health,Tue Apr 21 2015 10:27:30 GMT-0400 (Eastern Daylight Time),1429626450721,Tue Mar 30 2021 18:32:15 GMT-0400 (Eastern Daylight Time),1617143535990,voice,0,0
554008ab52414951751c0000,Mercy Health System,Tue Apr 28 2015 18:24:43 GMT-0400 (Eastern Daylight Time),1430259883485,Fri Apr 09 2021 01:54:52 GMT-0400 (Eastern Daylight Time),1617947692320,"hl7,orchid",0,0
558bfd3b5241490e05410800,Kaleida Health,Thu Jun 25 2015 09:08:11 GMT-0400 (Eastern Daylight Time),1435237691278,Tue Jan 26 2021 22:01:19 GMT-0500 (Eastern Standard Time),1611716479176,"echo,hl7,orchid,sso,view,voice",0,0
51ae764dacc0dbd4a700000d,SCL - Lutheran Medical Center,Tue Jun 04 2013 19:20:45 GMT-0400 (Eastern Daylight Time),1370388045654,Tue Jan 26 2021 22:00:59 GMT-0500 (Eastern Standard Time),1611716459828,"echo,hl7,orchid,voice",0,0
52fe61815241497341ee0000,Decatur Morgan Hospital,Fri Feb 14 2014 13:33:37 GMT-0500 (Eastern Standard Time),1392402817706,Tue Jan 26 2021 22:00:59 GMT-0500 (Eastern Standard Time),1611716459665,"sftp,voice",0,0
559d65e55241490d74ca0100,Mercy Health,Wed Jul 08 2015 14:03:17 GMT-0400 (Eastern Daylight Time),1436378597060,Tue Jan 26 2021 22:01:14 GMT-0500 (Eastern Standard Time),1611716474137,"implementation,sftp,voice",0,0
5aa81efd74410fa8504e9aea,Geisinger Health System,Tue Mar 13 2018 14:57:01 GMT-0400 (Eastern Daylight Time),1520967421447,Sun May 02 2021 10:31:54 GMT-0400 (Eastern Daylight Time),1619965914032,"hl7,implementation,orchid,sftp,sso",0,0
5b71f329ff16722f5cb4edb2,Sutter Independent Physicians,Mon Aug 13 2018 17:07:53 GMT-0400 (Eastern Daylight Time),1534194473699,Fri Mar 05 2021 11:06:50 GMT-0500 (Eastern Standard Time),1614960410315,"ambulatory,kiosk",0,0
58bec27a9c055208405da427,Inova Health System,Tue Mar 07 2017 09:23:54 GMT-0500 (Eastern Standard Time),1488896634310,Mon Apr 19 2021 14:31:41 GMT-0400 (Eastern Daylight Time),1618857101872,"hl7,orchid,voice",0,0
591b3c8dd27cbe3b8712b576,Peninsula Regional Medical Center,Tue May 16 2017 13:53:17 GMT-0400 (Eastern Daylight Time),1494957197234,Tue Jan 26 2021 22:01:19 GMT-0500 (Eastern Standard Time),1611716479559,"hl7,orchid",0,0
59555bcdd27cbeae95530829,Johns Hopkins Health System,Thu Jun 29 2017 15:58:05 GMT-0400 (Eastern Daylight Time),1498766285158,Wed Apr 28 2021 09:22:38 GMT-0400 (Eastern Daylight Time),1619616158745,"hl7,orchid,sso",0,0
59bc2849ff167259af2f1c8c,Staten Island PPS,Fri Sep 15 2017 15:21:46 GMT-0400 (Eastern Daylight Time),1505503306015,Tue Jan 26 2021 22:00:59 GMT-0500 (Eastern Standard Time),1611716459139,"dsrip,pam,voice",0,0
5adfa033ff167296f95e72e7,Medical West,Tue Apr 24 2018 17:22:59 GMT-0400 (Eastern Daylight Time),1524604979391,Tue Jan 26 2021 22:02:06 GMT-0500 (Eastern Standard Time),1611716526855,"hl7,orchid",0,0
5b4f50dcff16722008feef6e,Westchester Medical Center,Wed Jul 18 2018 10:38:20 GMT-0400 (Eastern Daylight Time),1531924700703,Thu Dec 17 2020 20:19:25 GMT-0500 (Eastern Standard Time),1608254365783,"implementation,sftp,voice",0,0
52f023595241494e0a6c0000,Beaumont Health System,Mon Feb 03 2014 18:16:41 GMT-0500 (Eastern Standard Time),1391469401984,Fri Feb 19 2021 11:36:07 GMT-0500 (Eastern Standard Time),1613752567130,"sftp,voice",0,0
527191f2677affa59a00000b,Bethesda Health,Wed Oct 30 2013 19:10:42 GMT-0400 (Eastern Daylight Time),1383174642139,Tue Dec 15 2020 09:52:37 GMT-0500 (Eastern Standard Time),1608043957760,"sftp,voice",0,0
51acb77a677affadae000115,SCL - St. James Healthcare,Mon Jun 03 2013 11:34:18 GMT-0400 (Eastern Daylight Time),1370273658044,Tue Dec 15 2020 09:57:56 GMT-0500 (Eastern Standard Time),1608044276371,voice,0,0
5522cb8d5241496bfe2e0400,Kingsbrook Jewish Medical Center,Mon Apr 06 2015 14:08:13 GMT-0400 (Eastern Daylight Time),1428343693006,Mon Mar 08 2021 15:26:03 GMT-0500 (Eastern Standard Time),1615235163830,echo,0,0
574f072dacc0db06c8000046,Providigm,Wed Jun 01 2016 12:02:53 GMT-0400 (Eastern Daylight Time),1464796973526,Tue Dec 15 2020 09:59:00 GMT-0500 (Eastern Standard Time),1608044340433,implementation,0,0
57ebef63acc0db66042c1d82,Manatee Memorial Hospital,Wed Sep 28 2016 12:27:15 GMT-0400 (Eastern Daylight Time),1475080035116,Tue Dec 15 2020 09:59:41 GMT-0500 (Eastern Standard Time),1608044381302,"hl7,implementation,orchid",0,0
585189588e82a84f693d4c24,ASCENT,Wed Dec 14 2016 13:03:04 GMT-0500 (Eastern Standard Time),1481738584879,Tue Apr 27 2021 11:53:12 GMT-0400 (Eastern Daylight Time),1619538792196,"hl7,view",0,0
591db38dd27cbe8dc3f577b5,Saint Francis Hospital and Medical Center,Thu May 18 2017 10:45:33 GMT-0400 (Eastern Daylight Time),1495118733562,Tue Apr 06 2021 15:19:17 GMT-0400 (Eastern Daylight Time),1617736757810,"sftp,voice",0,0
59516787d27cbede1924d757,Community Health Network,Mon Jun 26 2017 15:59:03 GMT-0400 (Eastern Daylight Time),1498507143246,Fri Apr 30 2021 16:25:20 GMT-0400 (Eastern Daylight Time),1619814320380,"hl7,orchid",0,0
59dcd0bcff167278f2dea538,Nascentia Health,Tue Oct 10 2017 09:53:00 GMT-0400 (Eastern Daylight Time),1507643580449,Tue Jan 26 2021 22:01:02 GMT-0500 (Eastern Standard Time),1611716462608,"hha,sftp,voice",0,0
5b182aacd27cbe7487a74365,Marshall Health,Wed Jun 06 2018 14:40:44 GMT-0400 (Eastern Daylight Time),1528310444333,Thu Apr 22 2021 13:28:39 GMT-0400 (Eastern Daylight Time),1619112519721,"appointment reminders,sftp,voice",0,0
5b4ca0c7ff16723d0f9a617b,Beebe Healthcare,Mon Jul 16 2018 09:42:31 GMT-0400 (Eastern Daylight Time),1531748551629,Thu Apr 22 2021 13:38:20 GMT-0400 (Eastern Daylight Time),1619113100450,"sftp,voice",0,0
546e65f952414901d8b20200,UnityPoint Health,Thu Nov 20 2014 17:06:48 GMT-0500 (Eastern Standard Time),1416521208913,Wed Dec 16 2020 22:10:43 GMT-0500 (Eastern Standard Time),1608174643027,orchid,0,0
51ae3d85acc0db2995000002,SCL - Saint Joseph Hospital,Tue Jun 04 2013 15:18:29 GMT-0400 (Eastern Daylight Time),1370373509366,Tue Dec 15 2020 09:53:33 GMT-0500 (Eastern Standard Time),1608044013254,"orchid,voice",0,0
557f57815241496e57820200,Rush University Medical Center,Mon Jun 15 2015 18:53:53 GMT-0400 (Eastern Daylight Time),1434408833214,Thu Apr 15 2021 11:02:59 GMT-0400 (Eastern Daylight Time),1618498979688,"hl7,orchid",0,0
516e91ab26a97a325d000001,Bronx Lebanon Hospital Center,Wed Apr 17 2013 08:12:27 GMT-0400 (Eastern Daylight Time),1366200747591,Tue Jan 26 2021 22:02:40 GMT-0500 (Eastern Standard Time),1611716560669,"hl7,orchid,voice",0,0
57a48b46677aff47c8c8c34e,Cedar Community,Fri Aug 05 2016 08:49:10 GMT-0400 (Eastern Daylight Time),1470401350697,Fri Dec 18 2020 09:58:24 GMT-0500 (Eastern Standard Time),1608303504527,"snf,voice",0,0
583f7a62da771056d68c122a,Well Care Home Health,Wed Nov 30 2016 20:18:26 GMT-0500 (Eastern Standard Time),1480555106569,Fri Apr 02 2021 15:28:51 GMT-0400 (Eastern Daylight Time),1617391731148,"hha,orchid,sftp,voice",0,0
58f5155874410f7afcd151ea,Selin CP Name,Mon Apr 17 2017 15:19:52 GMT-0400 (Eastern Daylight Time),1492456792349,Tue Apr 27 2021 16:17:46 GMT-0400 (Eastern Daylight Time),1619554666845,,0,0
59c091e3d27cbe326af69d68,CHI Health,Mon Sep 18 2017 23:41:23 GMT-0400 (Eastern Daylight Time),1505792483410,Thu Apr 15 2021 10:29:26 GMT-0400 (Eastern Daylight Time),1618496966004,"hl7,orchid,sso,voice",0,0
5a944e9fd27cbe7a4c7adc33,Schneck Medical Center,Mon Feb 26 2018 13:14:55 GMT-0500 (Eastern Standard Time),1519668895769,Tue Jan 26 2021 22:01:24 GMT-0500 (Eastern Standard Time),1611716484095,"appointment reminders,hl7,voice",0,0
551424215241491cd50b0000,Baptist Health,Thu Mar 26 2015 11:22:09 GMT-0400 (Eastern Daylight Time),1427383329190,Thu Dec 17 2020 09:31:43 GMT-0500 (Eastern Standard Time),1608215503396,voice,0,0
55aef3d15241493cb2d40100,Wichita Falls GI Associates,Tue Jul 21 2015 21:37:21 GMT-0400 (Eastern Daylight Time),1437529041387,Wed Mar 17 2021 15:18:44 GMT-0400 (Eastern Daylight Time),1616008724719,"appointment reminders,kiosk,orchid,voice",0,0
559d9b1452414928ff9d0000,University of Pennsylvania Health System,Wed Jul 08 2015 17:50:12 GMT-0400 (Eastern Daylight Time),1436392212146,Fri Apr 30 2021 17:00:29 GMT-0400 (Eastern Daylight Time),1619816429246,voice,0,0
562529d15241495c5e530000,Flagler Hospital,Mon Oct 19 2015 13:35:13 GMT-0400 (Eastern Daylight Time),1445276113957,Thu Feb 11 2021 12:12:22 GMT-0500 (Eastern Standard Time),1613063542517,"orchid,voice",0,0
57882c6b4004122fb14f4094,Sturdy Memorial Hospital,Thu Jul 14 2016 20:20:59 GMT-0400 (Eastern Daylight Time),1468542059780,Thu Dec 17 2020 06:02:19 GMT-0500 (Eastern Standard Time),1608202939979,voice,0,0
59ee651bd27cbe65baa14a23,Our Lady of the Lake Regional Medical Center,Mon Oct 23 2017 17:54:35 GMT-0400 (Eastern Daylight Time),1508795675816,Fri Mar 19 2021 13:15:25 GMT-0400 (Eastern Daylight Time),1616174125562,"hl7,orchid,sso",0,0
5acfa72aff16722d8f9117b0,Cedars-Sinai Medical Center,Thu Apr 12 2018 14:36:26 GMT-0400 (Eastern Daylight Time),1523558186650,Sat Apr 24 2021 14:17:28 GMT-0400 (Eastern Daylight Time),1619288248579,"implementation,pilot,sftp,voice",0,0
5b06f54eff1672b95687c44b,Revival Home Health,Thu May 24 2018 13:24:30 GMT-0400 (Eastern Daylight Time),1527182670369,Mon Feb 01 2021 21:30:47 GMT-0500 (Eastern Standard Time),1612233047015,"hha,implementation",0,0
5b2286ddff1672e6cf391489,Christiana Care Health System,Thu Jun 14 2018 11:16:45 GMT-0400 (Eastern Daylight Time),1528989405584,Fri Apr 16 2021 01:02:41 GMT-0400 (Eastern Daylight Time),1618549361328,"hl7,implementation,orchid,sso",0,0
5b6dac0e74410f377770e4df,Hill Physicians Medical Group,Fri Aug 10 2018 11:15:26 GMT-0400 (Eastern Daylight Time),1533914126527,Tue Apr 27 2021 16:30:40 GMT-0400 (Eastern Daylight Time),1619555440044,"sftp,voice",0,0
51af69c4acc0db6d5e000189,SCL - Good Samaritan Medical Center,Wed Jun 05 2013 12:39:32 GMT-0400 (Eastern Daylight Time),1370450372441,Tue Dec 15 2020 09:58:02 GMT-0500 (Eastern Standard Time),1608044282243,"orchid,voice",0,0
5175aa7e1b85b034fb00007a,Saint Francis Hospital,Mon Apr 22 2013 17:24:14 GMT-0400 (Eastern Daylight Time),1366665854842,Fri Apr 30 2021 14:23:04 GMT-0400 (Eastern Daylight Time),1619806984718,voice,0,0
5785446a677aff398bd74cf6,University of Alabama Birmingham,Tue Jul 12 2016 15:26:34 GMT-0400 (Eastern Daylight Time),1468351594056,Fri Apr 02 2021 14:45:38 GMT-0400 (Eastern Daylight Time),1617389138099,"echo,hl7,orchid,sso",0,0
58cfe3a074410f2d1ecca7a9,University of Virginia Health,Mon Mar 20 2017 10:13:52 GMT-0400 (Eastern Daylight Time),1490019232468,Thu Apr 22 2021 11:07:53 GMT-0400 (Eastern Daylight Time),1619104073411,"hl7,kiosk,orchid,sso",0,0
58dc22189c05524a52b01691,Carson Tahoe,Wed Mar 29 2017 17:07:36 GMT-0400 (Eastern Daylight Time),1490821656760,Thu Apr 01 2021 14:53:30 GMT-0400 (Eastern Daylight Time),1617303210035,"hl7,kiosk,orchid,sftp,voice",0,0
5978d9d4d27cbea259272282,Seattle Childrens Hospital,Wed Jul 26 2017 14:05:08 GMT-0400 (Eastern Daylight Time),1501092308653,Fri Mar 19 2021 17:50:57 GMT-0400 (Eastern Daylight Time),1616190657339,"implementation,sftp,voice",0,0
5a0f22d4ff16725c1630d97c,Priority Partners,Fri Nov 17 2017 12:56:36 GMT-0500 (Eastern Standard Time),1510941396396,Tue Apr 27 2021 13:46:09 GMT-0400 (Eastern Daylight Time),1619545569796,"mco,payor,preventive,voice",0,0
5628fda05241492dafde0600,Maryland Community Health System,Thu Oct 22 2015 11:15:44 GMT-0400 (Eastern Daylight Time),1445526944556,Mon Dec 21 2020 15:22:20 GMT-0500 (Eastern Standard Time),1608582140942,"fqhc,sftp,voice",0,0
53d915aa61706f4842020000,United Regional Hospital,Wed Jul 30 2014 11:56:26 GMT-0400 (Eastern Daylight Time),1406735786946,Fri Apr 30 2021 20:24:19 GMT-0400 (Eastern Daylight Time),1619828659712,"orchid,voice",0,0
520b9fed677aff2618000073,UCSF Medical Center,Wed Aug 14 2013 11:19:09 GMT-0400 (Eastern Daylight Time),1376493549476,Thu Apr 29 2021 18:04:21 GMT-0400 (Eastern Daylight Time),1619733861298,"kiosk,orchid,preventive,sso,view,voice",0,0
55940e9c5241495e497c0100,Oneida Health Care,Wed Jul 01 2015 12:00:28 GMT-0400 (Eastern Daylight Time),1435766428004,Fri Mar 12 2021 11:07:53 GMT-0500 (Eastern Standard Time),1615565273878,"justin!,orchid,voice",0,0
572711b64004120d850001bc,NYC Health and Hospitals Corporation,Mon May 02 2016 04:37:10 GMT-0400 (Eastern Daylight Time),1462178230122,Fri Apr 30 2021 14:35:03 GMT-0400 (Eastern Daylight Time),1619807703108,"dsrip,pam,voice",0,0
5730ee00acc0db0fee00012f,Northwell Health,Mon May 09 2016 16:07:28 GMT-0400 (Eastern Daylight Time),1462824448085,Fri Apr 30 2021 09:56:56 GMT-0400 (Eastern Daylight Time),1619791016714,"hl7,orchid,sso",0,0
58f6cd49d27cbe42a2fed86f,University of Cincinnati Medical Center,Tue Apr 18 2017 22:36:57 GMT-0400 (Eastern Daylight Time),1492569417822,Wed Apr 21 2021 14:13:47 GMT-0400 (Eastern Daylight Time),1619028827461,"hl7,orchid,sso",0,0
5af48014ff167217fbe09c60,Reid Health,Thu May 10 2018 13:23:32 GMT-0400 (Eastern Daylight Time),1525973012640,Wed Mar 17 2021 15:19:57 GMT-0400 (Eastern Daylight Time),1616008797823,"hl7,orchid",0,0
54614dcd5241497e8e370000,HAHV,Mon Nov 10 2014 18:44:13 GMT-0500 (Eastern Standard Time),1415663053564,Mon Mar 15 2021 11:18:09 GMT-0400 (Eastern Daylight Time),1615821489915,"orchid,voice",0,0
51c7d099677affcc74000712,SCL - St. Mary's Medical Center,Mon Jun 24 2013 00:52:41 GMT-0400 (Eastern Daylight Time),1372049561666,Tue Dec 15 2020 09:57:56 GMT-0500 (Eastern Standard Time),1608044276947,voice,0,0
58c84e1074410f666aef1f74,Eyra Care Provider,Tue Mar 14 2017 16:09:52 GMT-0400 (Eastern Daylight Time),1489522192874,Tue Dec 15 2020 10:00:46 GMT-0500 (Eastern Standard Time),1608044446996,,0,0
5ae74f5fd27cbe53d0832236,Cambridge Health Alliance,Mon Apr 30 2018 13:16:15 GMT-0400 (Eastern Daylight Time),1525108575171,Tue Jan 26 2021 22:01:01 GMT-0500 (Eastern Standard Time),1611716461275,"appointment reminders,implementation,preventive,sftp,voice",0,0
5b61c887ff16723570077169,Texas Children's Hospital,Wed Aug 01 2018 10:49:43 GMT-0400 (Eastern Daylight Time),1533134983716,Wed Apr 14 2021 12:04:36 GMT-0400 (Eastern Daylight Time),1618416276506,"hl7,implementation,orchid",0,0
556f4e7f52414947ffb50000,Alecto Healthcare,Wed Jun 03 2015 14:59:11 GMT-0400 (Eastern Daylight Time),1433357951112,Tue Jan 26 2021 22:01:20 GMT-0500 (Eastern Standard Time),1611716480839,"hl7,orchid,sftp,voice",0,0
5175aa971b85b034fb00007c,St. Joseph's Hospital and Health Center,Mon Apr 22 2013 17:24:39 GMT-0400 (Eastern Daylight Time),1366665879444,Thu Dec 17 2020 08:01:22 GMT-0500 (Eastern Standard Time),1608210082954,voice,0,0
53dfa9af5241492480080000,UCSD Medical Center,Mon Aug 04 2014 11:41:35 GMT-0400 (Eastern Daylight Time),1407166895214,Tue Apr 20 2021 13:02:41 GMT-0400 (Eastern Daylight Time),1618938161726,"preventive,voice",0,0
517801601b85b02a1e000003,Charleston Area Medical Center,Wed Apr 24 2013 11:59:28 GMT-0400 (Eastern Daylight Time),1366819168539,Wed Jan 27 2021 12:24:39 GMT-0500 (Eastern Standard Time),1611768279482,voice,0,0
5519b9135241491e373c0200,Shannon Medical Center,Mon Mar 30 2015 16:58:59 GMT-0400 (Eastern Daylight Time),1427749139431,Wed Mar 31 2021 14:15:50 GMT-0400 (Eastern Daylight Time),1617214550333,"hl7,orchid,voice",0,0
57b3270c677aff0b90d10dab,Rome Memorial Hospital,Tue Aug 16 2016 10:45:32 GMT-0400 (Eastern Daylight Time),1471358732464,Tue Apr 06 2021 15:19:38 GMT-0400 (Eastern Daylight Time),1617736778724,voice,0,0
59893d6974410f2220d54d06,Eskenazi Health,Tue Aug 08 2017 00:26:17 GMT-0400 (Eastern Daylight Time),1502166377863,Mon Feb 08 2021 17:32:08 GMT-0500 (Eastern Standard Time),1612823528186,"appointment reminders,hl7,siu,voice",0,0
5b3e1f27ff1672feb3fb80df,RCCH HealthCare Partners,Thu Jul 05 2018 09:37:43 GMT-0400 (Eastern Daylight Time),1530797863932,Thu Apr 15 2021 13:54:24 GMT-0400 (Eastern Daylight Time),1618509264491,"hl7,implementation,orchid,voice",0,0
5b60819ad27cbe9e835cc139,Southcoast Health,Tue Jul 31 2018 11:34:50 GMT-0400 (Eastern Daylight Time),1533051290383,Wed Apr 21 2021 09:55:50 GMT-0400 (Eastern Daylight Time),1619013350782,"hl7,implementation,orchid,sso",0,0
51c9ccbb677aff4218000528,Sentara Healthcare,Tue Jun 25 2013 13:00:43 GMT-0400 (Eastern Daylight Time),1372179643959,Fri Apr 23 2021 12:32:00 GMT-0400 (Eastern Daylight Time),1619195520846,"orchid,sftp,voice",0,0
51c0c559677affbffc001ed2,Providence Health & Services,Tue Jun 18 2013 16:38:49 GMT-0400 (Eastern Daylight Time),1371587929840,Fri Apr 30 2021 09:06:55 GMT-0400 (Eastern Daylight Time),1619788015310,"hl7,orchid,sso,voice",0,0
5175a60b1b85b061b3000089,Camden Clark Medical Center,Mon Apr 22 2013 17:05:15 GMT-0400 (Eastern Daylight Time),1366664715172,Thu Dec 17 2020 06:51:05 GMT-0500 (Eastern Standard Time),1608205865080,voice,0,0
55faceb85241492088930800,Norton Healthcare,Thu Sep 17 2015 10:31:20 GMT-0400 (Eastern Daylight Time),1442500280066,Tue Apr 20 2021 15:43:37 GMT-0400 (Eastern Daylight Time),1618947817987,"hl7,orchid,voice",0,0
57e198204004123a2d758980,Mon General Hospital ,Tue Sep 20 2016 16:12:16 GMT-0400 (Eastern Daylight Time),1474402336481,Tue Dec 15 2020 09:59:37 GMT-0500 (Eastern Standard Time),1608044377542,orchid,0,0
57e2b9f7677aff4c4bdec324,King Faisal Specialist Hospital and Research Centre,Wed Sep 21 2016 12:48:55 GMT-0400 (Eastern Daylight Time),1474476535612,Tue Dec 15 2020 09:59:37 GMT-0500 (Eastern Standard Time),1608044377967,"international,pilot",0,0
583ec08a8e82a8782c2f0fd2,Northwest Michigan Surgery Center,Wed Nov 30 2016 07:05:30 GMT-0500 (Eastern Standard Time),1480507530292,Tue Mar 02 2021 12:16:27 GMT-0500 (Eastern Standard Time),1614705387814,"asc,sftp,voice",0,0
58dd445b9c055263862ee74b,University of Illinois,Thu Mar 30 2017 13:46:03 GMT-0400 (Eastern Daylight Time),1490895963873,Thu Apr 29 2021 15:44:15 GMT-0400 (Eastern Daylight Time),1619725455336,"hl7,orchid,voice",0,0
596f34d4d27cbe6ac13c93e2,Covenant Health,Wed Jul 19 2017 06:30:44 GMT-0400 (Eastern Daylight Time),1500460244366,Wed Apr 28 2021 11:13:41 GMT-0400 (Eastern Daylight Time),1619622821783,"view,voice",0,0
59d82188d27cbe7678087bbe,Tri-City Medical Center,Fri Oct 06 2017 20:36:24 GMT-0400 (Eastern Daylight Time),1507336584286,Tue Jan 26 2021 22:01:47 GMT-0500 (Eastern Standard Time),1611716507631,"hl7,orchid",0,0
5a3973a7ff167292f70caf2c,Alacare Home Health,Tue Dec 19 2017 15:16:39 GMT-0500 (Eastern Standard Time),1513714599858,Sat Apr 24 2021 17:07:04 GMT-0400 (Eastern Daylight Time),1619298424094,"hha,pilot,sftp,voice",0,0
5175aab31b85b034fb00007e,Upstate University Hospital,Mon Apr 22 2013 17:25:07 GMT-0400 (Eastern Daylight Time),1366665907444,Mon Apr 12 2021 14:37:31 GMT-0400 (Eastern Daylight Time),1618252651103,voice,0,0
57a25b4f4004126a83ce3a34,Manhattan Endoscopy Center,Wed Aug 03 2016 16:59:59 GMT-0400 (Eastern Daylight Time),1470257999931,Tue Jan 26 2021 22:01:23 GMT-0500 (Eastern Standard Time),1611716483836,"asc,voice",0,0
593dfa20d27cbe7b8f0bf41d,John T. Mather Memorial Hospital,Sun Jun 11 2017 22:19:12 GMT-0400 (Eastern Daylight Time),1497233952538,Mon Apr 26 2021 18:14:23 GMT-0400 (Eastern Daylight Time),1619475263412,"hl7,kiosk,sso,voice",0,0
5a95b4dcd27cbe43dacbf1b0,Luther Manor,Tue Feb 27 2018 14:43:24 GMT-0500 (Eastern Standard Time),1519760604716,Mon Mar 15 2021 15:37:25 GMT-0400 (Eastern Daylight Time),1615837045947,"pilot,sftp,snf,voice",0,0
5b7d9f4aff1672dd3ed72c7b,VNA Health Group,Wed Aug 22 2018 13:37:14 GMT-0400 (Eastern Daylight Time),1534959434042,Tue Dec 15 2020 10:03:44 GMT-0500 (Eastern Standard Time),1608044624901,"hha,sftp,voice",0,0
52df0911677aff7bc3000097,UC Davis,Tue Jan 21 2014 18:56:01 GMT-0500 (Eastern Standard Time),1390348561088,Thu Apr 29 2021 14:30:12 GMT-0400 (Eastern Daylight Time),1619721012185,voice,0,0
5594014452414968b54b0200,Medical Center Hospital,Wed Jul 01 2015 11:03:32 GMT-0400 (Eastern Daylight Time),1435763012863,Mon Jan 25 2021 13:41:11 GMT-0500 (Eastern Standard Time),1611600071205,voice,0,0
53765bdf5241492816090000,Guadalupe Regional Medical Center,Fri May 16 2014 14:41:35 GMT-0400 (Eastern Daylight Time),1400265695914,Tue Jan 26 2021 22:01:13 GMT-0500 (Eastern Standard Time),1611716473624,voice,0,0
5175a0671b85b061b300006f,St. Mary's Medical Center,Mon Apr 22 2013 16:41:11 GMT-0400 (Eastern Daylight Time),1366663271975,Wed Mar 17 2021 18:48:44 GMT-0400 (Eastern Daylight Time),1616021324484,voice,0,0
5399d46652414911a3a70000,Disney Hospital,Thu Jun 12 2014 12:25:10 GMT-0400 (Eastern Daylight Time),1402590310988,Tue Dec 15 2020 09:58:00 GMT-0500 (Eastern Standard Time),1608044280909,,0,0
51769d4226a97afcc800001b,Bon Secours Health System,Tue Apr 23 2013 10:40:02 GMT-0400 (Eastern Daylight Time),1366728002178,Tue Dec 15 2020 09:58:03 GMT-0500 (Eastern Standard Time),1608044283847,"hl7,orchid",0,0
57e9e16facc0db31e083d06d,NorthShore University HealthSystem,Mon Sep 26 2016 23:03:11 GMT-0400 (Eastern Daylight Time),1474945391724,Fri Mar 12 2021 11:41:26 GMT-0500 (Eastern Standard Time),1615567286343,"hl7,orchid,sso",0,0
5aba9257ff1672d1d4de2a19,SCL Health,Tue Mar 27 2018 14:49:59 GMT-0400 (Eastern Daylight Time),1522176599555,Tue Jan 26 2021 22:01:02 GMT-0500 (Eastern Standard Time),1611716462488,"appointment reminders,hl7,implementation,orchid,voice",0,0
560188d45241493461290200,St. David's HealthCare,Tue Sep 22 2015 12:59:00 GMT-0400 (Eastern Daylight Time),1442941140779,Thu Apr 29 2021 10:06:04 GMT-0400 (Eastern Daylight Time),1619705164490,voice,0,0
54d2252752414932c1620000,Palmetto Health Tuomey,Wed Feb 04 2015 08:56:55 GMT-0500 (Eastern Standard Time),1423058215897,Mon Mar 15 2021 16:16:33 GMT-0400 (Eastern Daylight Time),1615839393961,"sftp,voice",0,0
55075e4e5241491dc95b0000,Peterson Regional Medical Center,Mon Mar 16 2015 18:50:54 GMT-0400 (Eastern Daylight Time),1426546254233,Thu Apr 22 2021 00:00:45 GMT-0400 (Eastern Daylight Time),1619064045243,"orchid,voice",0,0
547d04ab5241493106670200,UCLA Medical Center,Mon Dec 01 2014 19:15:39 GMT-0500 (Eastern Standard Time),1417479339719,Fri Apr 30 2021 10:06:40 GMT-0400 (Eastern Daylight Time),1619791600217,"hl7,orchid,preventive,sso,voice",0,0
5175a6271b85b061b300008c,Prime Healthcare,Mon Apr 22 2013 17:05:43 GMT-0400 (Eastern Daylight Time),1366664743664,Fri Apr 02 2021 14:59:44 GMT-0400 (Eastern Daylight Time),1617389984785,"hl7,orchid,voice",0,0
5769bbc2677aff73f2589d54,University of Missouri Health Care,Tue Jun 21 2016 18:12:18 GMT-0400 (Eastern Daylight Time),1466547138921,Wed Mar 17 2021 18:46:40 GMT-0400 (Eastern Daylight Time),1616021200787,"echo,hl7,orchid,sso",0,0
584067568e82a86411127b13,Mayo Clinic,Thu Dec 01 2016 13:09:26 GMT-0500 (Eastern Standard Time),1480615766866,Fri Apr 23 2021 09:39:09 GMT-0400 (Eastern Daylight Time),1619185149109,"hl7,voice",0,0
591db321d27cbe9587f57774,Brookdale  University Hospital Medical Center,Thu May 18 2017 10:43:45 GMT-0400 (Eastern Daylight Time),1495118625907,Tue Jan 26 2021 22:01:22 GMT-0500 (Eastern Standard Time),1611716482189,"hl7,orchid,voice",0,0
59540087d27cbe7850c445f2,Mount Sinai Hospital ,Wed Jun 28 2017 15:16:23 GMT-0400 (Eastern Daylight Time),1498677383674,Tue Jan 26 2021 22:01:19 GMT-0500 (Eastern Standard Time),1611716479611,"hl7,voice",0,0
59f8b966d27cbeb0af4a2940,Marketing-Events,Tue Oct 31 2017 13:56:54 GMT-0400 (Eastern Daylight Time),1509472614682,Tue Dec 15 2020 10:02:12 GMT-0500 (Eastern Standard Time),1608044532389,marketing,0,0
5a86345bd27cbe355e8d1d51,StomatCare,Thu Feb 15 2018 20:31:07 GMT-0500 (Eastern Standard Time),1518744667707,Tue Dec 15 2020 10:02:37 GMT-0500 (Eastern Standard Time),1608044557094,"ambulatory,payor,preventive,voice",0,0
5b0ef760ff16727e2a621be8,Partners Healthcare,Wed May 30 2018 15:11:28 GMT-0400 (Eastern Daylight Time),1527707488867,Fri Mar 26 2021 15:00:34 GMT-0400 (Eastern Daylight Time),1616785234421,"hl7,orchid",0,0
54ee4d8c524149146cde0100,Indiana University Health,Wed Feb 25 2015 17:32:44 GMT-0500 (Eastern Standard Time),1424903564253,Tue Feb 23 2021 16:34:06 GMT-0500 (Eastern Standard Time),1614116046566,"sftp,voice",0,0
54130e4261706f24c3040000,Henry Ford Health System,Fri Sep 12 2014 11:16:18 GMT-0400 (Eastern Daylight Time),1410534978614,Fri Apr 23 2021 12:20:04 GMT-0400 (Eastern Daylight Time),1619194804077,"hl7,kiosk,orchid,voice",0,0
56e6d232acc0db51e30001f4,Premier Home Health Care,Mon Mar 14 2016 11:01:06 GMT-0400 (Eastern Daylight Time),1457967666359,Tue Dec 15 2020 09:58:39 GMT-0500 (Eastern Standard Time),1608044319285,voice,0,0
575eb55facc0db0d0d4421f7,Twin Lakes Regional Medical Center,Mon Jun 13 2016 09:30:07 GMT-0400 (Eastern Daylight Time),1465824607753,Thu Dec 17 2020 09:02:36 GMT-0500 (Eastern Standard Time),1608213756247,voice,0,0
57b22f2c4004121b3550dc06,Princeton Community Hospital,Mon Aug 15 2016 17:07:56 GMT-0400 (Eastern Daylight Time),1471295276837,Mon Mar 08 2021 15:55:10 GMT-0500 (Eastern Standard Time),1615236910910,voice,0,0
5a942ea8d27cbe7de07adc06,White Horse Village,Mon Feb 26 2018 10:58:32 GMT-0500 (Eastern Standard Time),1519660712162,Tue Dec 15 2020 10:02:39 GMT-0500 (Eastern Standard Time),1608044559087,"echo,implementation,sftp,snf,voice",0,0
5b9fd48cff167259c8ca8681,Hartford Healthcare,Mon Sep 17 2018 12:21:32 GMT-0400 (Eastern Daylight Time),1537201292198,Fri Apr 16 2021 07:53:08 GMT-0400 (Eastern Daylight Time),1618573988395,"kiosk,sftp,voice",0,0
5b85617874410f23140f6a8d,Sierra Pacific Orthopedics,Tue Aug 28 2018 10:51:36 GMT-0400 (Eastern Daylight Time),1535467896418,Tue Feb 02 2021 14:27:16 GMT-0500 (Eastern Standard Time),1612294036889,"appointment reminders,hl7,implementation",0,0
5b7f1ffcd27cbe886d3450bf,Frederick Memorial Hospital,Thu Aug 23 2018 16:58:36 GMT-0400 (Eastern Daylight Time),1535057916488,Thu Apr 29 2021 14:25:46 GMT-0400 (Eastern Daylight Time),1619720746475,"hl7,orchid,sso",0,0
5c19524a74410ff8d71d9752,Community Hospital,Tue Dec 18 2018 15:02:18 GMT-0500 (Eastern Standard Time),1545163338502,Thu Jan 07 2021 13:04:43 GMT-0500 (Eastern Standard Time),1610042683475,"echo,orchid",0,0
5c113c1974410fc8443478d8,Riverside University Health System,Wed Dec 12 2018 11:49:29 GMT-0500 (Eastern Standard Time),1544633369882,Fri Apr 30 2021 17:06:50 GMT-0400 (Eastern Daylight Time),1619816810538,"hl7,implementation,orchid,sftp",0,0
5b856d97d27cbeda1d99f29c,Advocate Health Care,Tue Aug 28 2018 11:43:19 GMT-0400 (Eastern Daylight Time),1535470999126,Thu Apr 15 2021 10:10:44 GMT-0400 (Eastern Daylight Time),1618495844462,"hl7,orchid,sso",0,0
5b8e90cdff16721fae082110,Tealwood Senior Living,Tue Sep 04 2018 10:03:58 GMT-0400 (Eastern Daylight Time),1536069838012,Wed Dec 16 2020 21:54:46 GMT-0500 (Eastern Standard Time),1608173686210,"pam,sftp,voice",0,0
5bb3aadaff1672c192a61de9,UMass Memorial Medical Center,Tue Oct 02 2018 13:28:58 GMT-0400 (Eastern Daylight Time),1538501338699,Fri Apr 02 2021 10:40:13 GMT-0400 (Eastern Daylight Time),1617374413270,"hl7,implementation,orchid,sso",0,0
5bd8b72b74410f300b3459a9,CHI Mercy Medical,Tue Oct 30 2018 15:55:23 GMT-0400 (Eastern Daylight Time),1540929323569,Wed Feb 17 2021 23:12:54 GMT-0500 (Eastern Standard Time),1613621574375,"hl7,orchid",0,0
5bff0048d27cbe269edde145,Health First,Wed Nov 28 2018 15:53:28 GMT-0500 (Eastern Standard Time),1543438408980,Wed Apr 28 2021 11:41:44 GMT-0400 (Eastern Daylight Time),1619624504962,"hl7,implementation,orchid,sso",0,0
5c86821774410faa476d70ce,North Mississippi Health System,Mon Mar 11 2019 11:43:20 GMT-0400 (Eastern Daylight Time),1552319000130,Mon Apr 05 2021 11:43:08 GMT-0400 (Eastern Daylight Time),1617637388161,"implementation,sftp,voice",0,0
5d545ea4d27cbe2f767a217c,Enloe Medical Center,Wed Aug 14 2019 15:19:00 GMT-0400 (Eastern Daylight Time),1565810340143,Mon Apr 26 2021 18:13:36 GMT-0400 (Eastern Daylight Time),1619475216432,"appointment reminders,hl7,implementation,siu,sso,voice",0,0
5ccaf480ff16726c99ab5401,Scripps Health System,Thu May 02 2019 09:45:36 GMT-0400 (Eastern Daylight Time),1556804736242,Sat May 01 2021 13:51:29 GMT-0400 (Eastern Daylight Time),1619891489344,"implementation,sftp,voice",0,0
5eb9b129ff1672391b6812ba,UC Irvine,Mon May 11 2020 16:10:17 GMT-0400 (Eastern Daylight Time),1589227817668,Wed Apr 28 2021 11:55:14 GMT-0400 (Eastern Daylight Time),1619625314077,"sftp,voice",0,0
5fc693e474410f1b1aad6bed,Boone Memorial Hospital,Tue Dec 01 2020 14:05:08 GMT-0500 (Eastern Standard Time),1606849508224,Fri Mar 05 2021 11:05:01 GMT-0500 (Eastern Standard Time),1614960301447,"implementation,voice",0,0
5cf7ebbad27cbe2940acf76f,Banner Health,Wed Jun 05 2019 12:20:10 GMT-0400 (Eastern Daylight Time),1559751610727,Thu Apr 29 2021 15:46:57 GMT-0400 (Eastern Daylight Time),1619725617981,"hl7,implementation,orchid,sftp,sso",0,0
5d39ab4cff16722bcfebaad6,St. Croix Hospice,Thu Jul 25 2019 09:14:52 GMT-0400 (Eastern Daylight Time),1564060492843,Mon Mar 15 2021 03:40:34 GMT-0400 (Eastern Daylight Time),1615794034102,"hha,sftp,voice",0,0
5d9668e2d27cbe7843d42d5c,San Joaquin General Hospital,Thu Oct 03 2019 17:32:19 GMT-0400 (Eastern Daylight Time),1570138339014,Fri Mar 05 2021 11:02:57 GMT-0500 (Eastern Standard Time),1614960177738,"preventive,sftp",0,0
5e20d04dd27cbe3daefdd7af,Lee Health,Thu Jan 16 2020 16:06:21 GMT-0500 (Eastern Standard Time),1579208781793,Thu Apr 29 2021 10:19:59 GMT-0400 (Eastern Daylight Time),1619705999095,"hl7,implementation,orchid,sftp,sso",0,0
5eb247d0d27cbe3a85648c8c,Chinchilla Mansion,Wed May 06 2020 01:14:56 GMT-0400 (Eastern Daylight Time),1588742096501,Tue Dec 15 2020 10:05:50 GMT-0500 (Eastern Standard Time),1608044750558,,0,0
5fe2604cd27cbef4e57fa1bc,(HL7 Test Provider) Guardian Angels Elim Home Care and Hospice,Tue Dec 22 2020 16:08:28 GMT-0500 (Eastern Standard Time),1608671308608,Wed Apr 14 2021 21:26:17 GMT-0400 (Eastern Daylight Time),1618449977684,hl7,0,0
5ffdbd20ff1672dfd8901854,EvergreenHealth (HL7 Test),Tue Jan 12 2021 10:15:44 GMT-0500 (Eastern Standard Time),1610464544677,Mon Feb 22 2021 16:42:50 GMT-0500 (Eastern Standard Time),1614030170834,"hl7,sftp",0,0
5ffdbe5fff1672df03927684,HL7 Test Care Provider (At Home Healthcare),Tue Jan 12 2021 10:21:03 GMT-0500 (Eastern Standard Time),1610464863083,Mon Apr 05 2021 09:43:17 GMT-0400 (Eastern Daylight Time),1617630197578,hl7,0,0
5bd21c4b74410f37d4fcfc76,Good Samaritan Society,Thu Oct 25 2018 15:40:59 GMT-0400 (Eastern Daylight Time),1540496459958,Thu Jan 28 2021 13:48:16 GMT-0500 (Eastern Standard Time),1611859696675,"pam,sftp,snf,voice",0,0
5e4d58ebd27cbee741c1a244,Cone Health,Wed Feb 19 2020 10:48:59 GMT-0500 (Eastern Standard Time),1582127339109,Thu Mar 25 2021 17:51:32 GMT-0400 (Eastern Daylight Time),1616709092073,"ambulatory,hl7,implementation,orchid",0,0
5b990c43ff16725e9ba7f3a7,Stanford Health Care,Wed Sep 12 2018 08:53:23 GMT-0400 (Eastern Daylight Time),1536756803979,Thu Apr 15 2021 14:22:49 GMT-0400 (Eastern Daylight Time),1618510969037,"hl7,orchid,sftp,sso",0,0
5cc71131ff167294e9961eed,Buckeye Home Health,Mon Apr 29 2019 10:58:57 GMT-0400 (Eastern Daylight Time),1556549937254,Thu Oct 15 2020 21:39:13 GMT-0400 (Eastern Daylight Time),1602812353633,"implementation,sftp,voice",0,0
5e6fdb96ff16724bb609d626,Keck Medicine of USC,Mon Mar 16 2020 16:03:34 GMT-0400 (Eastern Daylight Time),1584389014364,Fri Mar 26 2021 14:18:18 GMT-0400 (Eastern Daylight Time),1616782698510,,0,0
5e961030ff1672331b6daf3a,Jenny Jung CP,Tue Apr 14 2020 15:34:08 GMT-0400 (Eastern Daylight Time),1586892848181,Thu Apr 29 2021 13:14:03 GMT-0400 (Eastern Daylight Time),1619716443741,hl7,0,0
602e7e77ff167245043a233d,(HL7 Test Provider) Homecare Holdings,Thu Feb 18 2021 09:49:27 GMT-0500 (Eastern Standard Time),1613659767111,Wed Apr 21 2021 16:03:18 GMT-0400 (Eastern Daylight Time),1619035398509,hl7,0,0
5d372c43d27cbef3dfe62fd1,Amerikan Hastanesi,Tue Jul 23 2019 11:48:19 GMT-0400 (Eastern Daylight Time),1563896899588,Tue Dec 15 2020 10:05:00 GMT-0500 (Eastern Standard Time),1608044700525,"orchid,pilot",0,0
5ea76302ff1672344f700d05,Well Care Home Health (HL7 Test CP),Mon Apr 27 2020 18:56:02 GMT-0400 (Eastern Daylight Time),1588028162173,Wed Dec 09 2020 15:53:52 GMT-0500 (Eastern Standard Time),1607547232513,,0,0
5cd03c15d27cbe3fc1eab596,Charles B. Wang Community Health Center,Mon May 06 2019 09:52:21 GMT-0400 (Eastern Daylight Time),1557150741989,Wed Mar 31 2021 11:02:31 GMT-0400 (Eastern Daylight Time),1617202951895,"appointment reminders,implementation,sftp,voice",0,0
5d2f34f0d27cbe64350849b7,Willis Knighton Health System,Wed Jul 17 2019 10:47:12 GMT-0400 (Eastern Daylight Time),1563374832648,Mon Mar 15 2021 13:42:15 GMT-0400 (Eastern Daylight Time),1615830135593,"hl7,implementation,orchid",0,0
5c923f12d27cbe7b9a209c1b,United Health Services,Wed Mar 20 2019 09:24:34 GMT-0400 (Eastern Daylight Time),1553088274521,Tue Sep 15 2020 18:19:51 GMT-0400 (Eastern Daylight Time),1600208391029,"hl7,implementation,orchid,sftp,sso",0,0
5dd5960aff1672272a9a1f70,Culpeper Hospital,Wed Nov 20 2019 14:37:46 GMT-0500 (Eastern Standard Time),1574278666033,Wed Mar 17 2021 18:44:01 GMT-0400 (Eastern Daylight Time),1616021041015,"hl7,orchid,sftp",0,0
5e4323dcff16723c334beeeb,OptimaHealth,Tue Feb 11 2020 16:59:56 GMT-0500 (Eastern Standard Time),1581458396559,Mon Apr 26 2021 16:55:32 GMT-0400 (Eastern Daylight Time),1619470532805,"sftp,voice",0,0
5f16f01174410facfa8ce7cd,Regal Medical Group,Tue Jul 21 2020 09:39:29 GMT-0400 (Eastern Daylight Time),1595338769470,Mon Apr 26 2021 13:25:08 GMT-0400 (Eastern Daylight Time),1619457908328,"sftp,voice",0,0
5dcdc295d27cbe63f6c3df60,Cabell Huntington Hospital,Thu Nov 14 2019 16:09:41 GMT-0500 (Eastern Standard Time),1573765781672,Wed Mar 17 2021 18:47:56 GMT-0400 (Eastern Daylight Time),1616021276002,"hl7,voice",0,0
5cc6fb4ad27cbe42ea3b004c,Disney Health Plan,Mon Apr 29 2019 09:25:30 GMT-0400 (Eastern Daylight Time),1556544330986,Tue Dec 15 2020 10:04:53 GMT-0500 (Eastern Standard Time),1608044693577,,0,0
5e385f88ff167237f8c782d5,Hamilton Health Care System,Mon Feb 03 2020 12:59:36 GMT-0500 (Eastern Standard Time),1580752776436,Tue Jan 26 2021 22:01:23 GMT-0500 (Eastern Standard Time),1611716483473,"hl7,implementation,orchid,sftp",0,0
5ffdbd77ff1672e09c8f2f1b,EvergreenHealth,Tue Jan 12 2021 10:17:11 GMT-0500 (Eastern Standard Time),1610464631809,Fri Apr 30 2021 14:10:30 GMT-0400 (Eastern Daylight Time),1619806230558,"hl7,sftp",0,0
5b968f8dff16729f0fae928c,AnMed Health,Mon Sep 10 2018 11:36:45 GMT-0400 (Eastern Daylight Time),1536593805225,Tue Apr 27 2021 15:32:26 GMT-0400 (Eastern Daylight Time),1619551946738,"hl7,voice",0,0
5ffdbe2bff1672e1808e53f4,Homecare Holdings,Tue Jan 12 2021 10:20:11 GMT-0500 (Eastern Standard Time),1610464811740,Tue Apr 27 2021 10:10:28 GMT-0400 (Eastern Daylight Time),1619532628066,"hl7,sftp",0,0
5ca64c89d27cbef492462703,MultiCare Health System,Thu Apr 04 2019 14:27:21 GMT-0400 (Eastern Daylight Time),1554402441204,Thu Apr 29 2021 15:03:08 GMT-0400 (Eastern Daylight Time),1619722988992,"hl7,implementation,orchid,sso",0,0
5cae1530ff1672f96aa895a0,Management Solutions,Wed Apr 10 2019 12:09:20 GMT-0400 (Eastern Daylight Time),1554912560469,Fri Mar 19 2021 13:11:16 GMT-0400 (Eastern Daylight Time),1616173876570,"implementation,sftp,voice",0,0
5ceecbd0ff16729c31b2d17c,St. Bernards Medical Center,Wed May 29 2019 14:13:36 GMT-0400 (Eastern Daylight Time),1559153616823,Tue Jan 19 2021 16:28:12 GMT-0500 (Eastern Standard Time),1611091692169,"implementation,sftp,voice",0,0
5d94bf9ed27cbe77a6d2275e,Texas Health Resources ,Wed Oct 02 2019 11:17:50 GMT-0400 (Eastern Daylight Time),1570029470982,Wed Apr 21 2021 18:05:13 GMT-0400 (Eastern Daylight Time),1619042713456,"hl7,implementation,orchid,sftp,sso",0,0
5e4c36ced27cbe07d743e8d6,Baptist Medical Center South,Tue Feb 18 2020 14:11:10 GMT-0500 (Eastern Standard Time),1582053070433,Tue Jan 26 2021 22:01:52 GMT-0500 (Eastern Standard Time),1611716512236,"hl7,implementation,orchid",0,0
5efc8b7bff1672fe6965e44f,AMSURG,Wed Jul 01 2020 09:11:23 GMT-0400 (Eastern Daylight Time),1593609083945,Thu Feb 25 2021 13:38:32 GMT-0500 (Eastern Standard Time),1614278312440,,0,0
5f7f73c7ff16727be9020e62,HCA,Thu Oct 08 2020 16:17:11 GMT-0400 (Eastern Daylight Time),1602188231579,Wed Feb 17 2021 14:55:56 GMT-0500 (Eastern Standard Time),1613591756144,"implementation,voice",0,0
5b9a88c1d27cbea5b9cfd739,ArchCare,Thu Sep 13 2018 11:56:49 GMT-0400 (Eastern Daylight Time),1536854209971,Mon Apr 05 2021 11:24:14 GMT-0400 (Eastern Daylight Time),1617636254486,"sftp,voice",0,0
5ba538c7ff1672c3f4d69fde,Care Gaps Disney,Fri Sep 21 2018 14:30:31 GMT-0400 (Eastern Daylight Time),1537554631987,Tue Dec 15 2020 10:03:54 GMT-0500 (Eastern Standard Time),1608044634569,,0,0
5c6f8101ff167233097621ec,SightMD,Thu Feb 21 2019 23:56:33 GMT-0500 (Eastern Standard Time),1550811393221,Tue Jan 26 2021 22:01:11 GMT-0500 (Eastern Standard Time),1611716471509,"appointment reminders,implementation,preventive,sftp",0,0
5c8bffe374410f54b353c239,Jupiter Medical Center,Fri Mar 15 2019 15:41:24 GMT-0400 (Eastern Daylight Time),1552678884062,Tue Jan 26 2021 22:01:30 GMT-0500 (Eastern Standard Time),1611716490077,"hl7,implementation,orchid,sftp,sso",0,0
5ccaf43cff167268f7aef4c0,Stony Brook Community Medical Center,Thu May 02 2019 09:44:28 GMT-0400 (Eastern Daylight Time),1556804668095,Tue Apr 06 2021 10:18:23 GMT-0400 (Eastern Daylight Time),1617718703366,"appointment reminders,hl7,implementation,voice",0,0
5de9615aff1672b488aab42a,Sarasota Memorial Hospital,Thu Dec 05 2019 14:58:18 GMT-0500 (Eastern Standard Time),1575575898409,Fri Apr 30 2021 15:39:35 GMT-0400 (Eastern Daylight Time),1619811575653,"hl7,orchid",0,0
5e0e1c99ff1672435dfe154c,Licking Memorial Hospital,Thu Jan 02 2020 11:38:49 GMT-0500 (Eastern Standard Time),1577983129055,Fri Mar 05 2021 11:01:36 GMT-0500 (Eastern Standard Time),1614960096164,"hl7,implementation,sso",0,0
5efa4ab774410f5aff987f55,One Homecare Solutions,Mon Jun 29 2020 16:10:31 GMT-0400 (Eastern Daylight Time),1593461431240,Thu Dec 17 2020 06:54:35 GMT-0500 (Eastern Standard Time),1608206075330,,0,0
5f4d41c2ff1672a740672261,Phelps Health,Mon Aug 31 2020 14:30:26 GMT-0400 (Eastern Daylight Time),1598898626964,Tue Apr 06 2021 14:04:56 GMT-0400 (Eastern Daylight Time),1617732296070,,0,0
5c5db16eff16727387d03f13,Aurora at Home,Fri Feb 08 2019 11:42:22 GMT-0500 (Eastern Standard Time),1549644142254,Tue Apr 27 2021 16:10:14 GMT-0400 (Eastern Daylight Time),1619554214376,"hha,sftp",0,0
5d485ddcd27cbe03be05c5e9,iCare,Mon Aug 05 2019 12:48:28 GMT-0400 (Eastern Daylight Time),1565023708762,Tue Jan 26 2021 22:01:13 GMT-0500 (Eastern Standard Time),1611716473472,"preventive,sftp",0,0
5f6cfa87d27cbe1015ecf0b2,Quinn Test CP,Thu Sep 24 2020 15:59:03 GMT-0400 (Eastern Daylight Time),1600977543489,Thu Sep 24 2020 16:03:36 GMT-0400 (Eastern Daylight Time),1600977816938,,0,0
605c7eefd27cbe72e098319e,Guardian Angels Elim Home Care and Hospice,Thu Mar 25 2021 08:15:43 GMT-0400 (Eastern Daylight Time),1616674543456,Tue Apr 13 2021 15:58:36 GMT-0400 (Eastern Daylight Time),1618343916427,hl7,0,0
607890f974410f33fdfcea7d,El Camino Health,Thu Apr 15 2021 15:16:09 GMT-0400 (Eastern Daylight Time),1618514169825,Fri Apr 30 2021 16:30:52 GMT-0400 (Eastern Daylight Time),1619814652261,,0,0
607efbcdd27cbe246d3c746e,Carpenter Health,Tue Apr 20 2021 12:05:33 GMT-0400 (Eastern Daylight Time),1618934733607,Tue Apr 20 2021 12:08:02 GMT-0400 (Eastern Daylight Time),1618934882473,,0,0
