ID,NAME
591db38dd27cbe8dc3f577b5,Saint Francis Hospital and Medical Center
5e961030ff1672331b6daf3a,Jenny Jung CP
585189588e82a84f693d4c24,ASCENT
5399d46652414911a3a70000,Disney Hospital
5175aa7e1b85b034fb00007a,Saint Francis Hospital
5175a60b1b85b061b3000089,Camden Clark Medical Center
5aba9257ff1672d1d4de2a19,SCL Health
5e4c36ced27cbe07d743e8d6,Baptist Medical Center South
5594014452414968b54b0200,Medical Center Hospital
607efbcdd27cbe246d3c746e,Carpenter Health
527191f2677affa59a00000b,Bethesda Health
5cc6fb4ad27cbe42ea3b004c,Disney Health Plan
59540087d27cbe7850c445f2,Mount Sinai Hospital 
5b9a88c1d27cbea5b9cfd739,ArchCare
5f6cfa87d27cbe1015ecf0b2,Quinn Test CP
602e7e77ff167245043a233d,(HL7 Test Provider) Homecare Holdings
52f023595241494e0a6c0000,Beaumont Health System
554008ab52414951751c0000,Mercy Health System
5fe2604cd27cbef4e57fa1bc,(HL7 Test Provider) Guardian Angels Elim Home Care and Hospice
